Title,Describe,Price,Area,Location,Detail
"BÁN NHÀ  MẶT TIỀN GẦN BIỂN GIÁ 3,XX tỷ","- Nhà mặt tiền 3 tầng, sổ hồng nhà đất.
- Trước nhà là công viên thoáng mát, sạch sẽ. Ra biển 5 phút, gần chợ Ghềnh Ráng, gần trường cấp 1, cấp 2, siêu thị Big C, bến xe, bệnh viện da liễu. 
- Nhà xây ở nên rất kiên cố, mới đẹp, hệ thống nước nóng năng lượng mặt trời nên có nước nóng quanh năm, rất tiết kiệm điện. 
-Gồm 1 PT, 1PK, 2 PN, 1 Bếp , 2 WC, sân phơi, ban công rộng 
- Tặng chủ nhà mới có duyên mua: tủ bếp hiện đại, tủ quần áo gỗ lớn, máy hút mùi, máy lạnh.
- Liên hệ chính chủ 0975.104.504, 0914.177.544","Giá:   3,7 tỷ ",Diện tích:   120 m2,"Địa chỉ tài sản: Phường Ghềnh Ráng, Thành phố Quy Nhơn, Bình Định",Mã tin10745411Hướng_Phòng ănLoại tinCần bánĐường trước nhà---Nhà bếpLoại BDSNhà mặt tiềnPháp lý---Sân thượng---Chiều ngang---Số lầu3Chổ để xe hơi---Chiều dài---Số phòng ngủ2Chính chủ
"BẢO CHỨNG ĐẦU TƯ AN TÂM CAM KẾT MUA LẠI 24%, 5 TẦNG VIEW KÊNH ĐÀO MERRYLAND QUY NHON",None,Giá:   14 tỷ ,Diện tích:   475 m2,"Địa chỉ tài sản: Đường An Dương Vương, Phường Ghềnh Ráng, Thành phố Quy Nhơn, Bình Định","Mã tin11020175Hướng_Phòng ănLoại tinCần bánĐường trước nhà12mNhà bếpLoại BDSBiệt thự, nhà liền kềPháp lýGiấy tờ hợp lệSân thượngChiều ngang6mSố lầu5Chổ để xe hơiChiều dài20mSố phòng ngủ4Chính chủ---Thuộc dự ánKhu nghỉ dưỡng Hai Giang Bay - Quy Nhơn Symphony of the Sea & Sun (xem chi tiết dự án)"
CHÍNH CHỦ BÁN 16.000 M2 MẶT BIỂN QUY NHƠN,"Chính chủ cần bán khu nhà đất mặt biển trung tâm thành phố Quy Nhơn.
- Diện tích 16000m2 (mười sáu ngàn mét vuông).
- Có giấy phép xây dựng 4000m2.
Xung quanh là chuỗi hệ thống các tiện ích: đô thị khoa học, Khu du lịch đẹp: Bãi Xếp, Hoàng Hậu,...
+ Liền kề KDL Ghềnh Ráng Tiên Sa.
+ Cách quảng trường trung tâm 10 phút.
Khu đất vàng giáp biển, phát triển du lịch, thích hợp xây khu biệt thự nghỉ dưỡng, đầu tư chắc chắn sinh lời.
- Giá bán: 10 triệu đồng/m2,
- Pháp lý rõ ràng đã có sổ đỏ và giấy phép xây dựng",Giá:   160 tỷ ,Diện tích:   16.000 m2,"Địa chỉ tài sản: km 16 Quốc Lộ 1D, Phường Ghềnh Ráng, Thành phố Quy Nhơn, Bình Định","Mã tin10721948HướngĐôngPhòng ăn---Loại tinCần bánĐường trước nhà10mNhà bếp---Loại BDSĐất nền, liền kề, đất dự ánPháp lýSổ hồng/ Sổ đỏSân thượng---Chiều ngang200mSố lầu2Chổ để xe hơi---Chiều dài100mSố phòng ngủ40Chính chủ---"
"CHÍNH CHỦ BÁN NHÀ MT XUÂN THỦY, TP QUY NHƠN, BÌNH ĐỊNH THUẬN TIỆN KINH DOANH. MTG","Chính chủ cần bán nhà mặt tiền đường Xuân Thủy, TP Quy Nhơn, Bình Định.

Nhà xây ở diện tích 42m2, hướng Đông Nam.

Nhà gồm 2 phòng ngủ, 2 nhà vsinh, sân thượng phơi đồ, trồng rau. Thích hợp cho vc trẻ. 

Khu sầm uất, đông đúc, gần chợ, gần trường học, gần siêu thị. Thuận tiện mua bán kinh doanh.  

Giá 3,9 tỷ. Sổ đỏ chính chủ. Để lại nội thất khách mua chỉ việc đến ở.

Liên hệ 0988.899.421(chính chủ) - Miễn trung gian.
","Giá:   3,9 tỷ ",Diện tích:   42 m2,"Địa chỉ tài sản: Đường Xuân Thủy, Phường Quang Trung, Thành phố Quy Nhơn, Bình Định",Mã tin10901020HướngĐông NamPhòng ăn---Loại tinCần bánĐường trước nhà---Nhà bếp---Loại BDSNhà mặt tiềnPháp lýSổ hồng/ Sổ đỏSân thượng---Chiều ngang---Số lầu---Chổ để xe hơi---Chiều dài---Số phòng ngủ2Chính chủ
KẸT TIỀN CẦN BÁN LÔ ĐẤT KHU ĐÔ THỊ B3 - AN PHÚ THỊNH - ĐƯỜNG YONGSAN  TP.QUY NHƠN,"Ket tiền Cần bán gấp Lô đất khu đô thị B3- An Phú Thịnh 
Đường Yongsan - Hướng Đông Bác, Ngay Vung Binh - Yong San Trung Tâm
Diện tích : 94 M2 ; Ngang 5m ; Lô 39-18 ( Thần Tài - Sinh Phát).
Đường rộng 36m; Vỉa hè lát đá 6m; Điện nước âm đất, 
Vị Trí ngày trung tâm Khu đô thị Là Khu Đô thị đáng sống Bậc Nhất Tp. Quy Nhơn.
Sổ đỏ chính chủ Cầm tay. Giá có thượng lượng cho Chủ mới thiện chí. Có % cho anh em môi Giới !","Giá:   3,8 tỷ ",Diện tích:   94 m2,"Địa chỉ tài sản: Đường Yongsan, Phường Đống Đa, Thành phố Quy Nhơn, Bình Định","Mã tin10807756Hướng_Phòng ăn---Loại tinCần bánĐường trước nhà36mNhà bếp---Loại BDSĐất thổ cư, đất ởPháp lýSổ hồng/ Sổ đỏSân thượng---Chiều ngang5mSố lầu---Chổ để xe hơi---Chiều dài19mSố phòng ngủ---Chính chủ---"
Bán lô đất đường bê tông gần biển,"Chính chủ cần bán lô đất mặt đường bê tông gần trường, nhìn thấy đường 639, nhìn thấy biển. Khu dân cư đông đúc thích hợp cho vc ra riêng, xây nhà nghỉ, mở quán cafe, quán nhậu. 
 Mặt đường bê tông 3m5, bên hông có đường thông khu dân cư phía sau. Gần khu đấu giá.","Giá:   1,3 tỷ ",Diện tích:   146 m2,"Địa chỉ tài sản: Xã Tam Quan Nam, Huyện Hoài Nhơn, Bình Định","Mã tin11049841HướngNamPhòng ăn---Loại tinCần bánĐường trước nhà3,5mNhà bếp---Loại BDSĐất thổ cư, đất ởPháp lýSổ hồng/ Sổ đỏSân thượng---Chiều ngang5mSố lầu---Chổ để xe hơi---Chiều dài29mSố phòng ngủ---Chính chủ---"
BOOKING CĂN HỘ HOMECATION SỐNG CHUẨN 5* THE SAILING QUY NHƠN - 100% VIEW BIỂN- CK 21%,None,"Giá:   1,7 tỷ ",Diện tích:   52 m2,"Địa chỉ tài sản: Đường Lê Duẩn, Phường Lý Thường Kiệt, Thành phố Quy Nhơn, Bình Định",Mã tin10871832Hướng_Phòng ănLoại tinCần bánĐường trước nhà---Nhà bếpLoại BDSCăn hộ chung cưPháp lý---Sân thượngChiều ngang---Số lầu41Chổ để xe hơiChiều dài---Số phòng ngủ1Chính chủ---Thuộc dự ánCăn hộ chung cư I-Tower Quy Nhơn (xem chi tiết dự án)
"CHÍNH CHỦ CẦN BÁN NHÀ HẺM ĐƯỜNG TĂNG BẠT HỔ, PHƯỜNG TRẦN PHÚ, TP QUY NHƠN","Cần bán nhà tại địa chỉ: Hẻm 207/11 Tăng Bạt Hổ, phường Trần Phú, TP.Quy Nhơn,  tỉnh Bình Định.
- Diện tích: 30.21m2
- Tổng diện tích sử dụng: 100m2
- Chiều ngang 5,3m, dài 5,7m. 
- Hướng Tây Nam.
- Nhà cấp 3, 3 tầng kết cấu bê tông cốt thép kiên cố, gồm:
 + Tầng trệt phòng khách, bếp, wc.
 + Tầng 2, 2 ph ngủ, 1 wc. 
 + Tầng 3, phòng thờ, 1 phòng ngủ, 1 phòng giặt, sân phơi rộng rãi và thoáng mát.
- Hẻm trước nhà 2,85m. Cách mặt tiền đường Tăng Bạt Hổ 100m.
- Khu vực trung tâm thành phố, dân cư đông, an ninh ổn định.
- Gần trường cấp 3 Quốc học. Gần chợ Sân Bay. Cách sân vận động Quy Nhơn 150m...thuận tiện giao thông đi lại. 
- Giá bán: 2,75 tỷ - có thỏa thuận với người có thiện chí.
 Liên hệ SĐT chính chủ: C.Tâm - 0914.140.616/0989.976.339.
","Giá:   2,75 tỷ ",Diện tích:   100 m2,"Địa chỉ tài sản: Đường Tăng Bạt Hổ, Phường Trần Phú, Thành phố Quy Nhơn, Bình Định",Mã tin11005713Hướng_Phòng ăn---Loại tinCần bánĐường trước nhà---Nhà bếp---Loại BDSNhà trong hẻmPháp lý---Sân thượng---Chiều ngang---Số lầu---Chổ để xe hơi---Chiều dài---Số phòng ngủ---Chính chủ---
"Đất biển Quy Nhơn - Ghềnh Ráng, Giá giảm SỐC !!!! Trung tâm TP chỉ 52tr/m2","📣📣MUA ĐẤT TRẢ GÓP 👉 4%/tháng 
- MỞ BÁN 41 LÔ ĐẤT NỀN 
TRUNG TÂM TP.QUY NHƠN
👉 Mặt tiền đường Chế Lan Viên
👉 Cách biển 800m
👉 Cách quảng trường TT 5 phút
👉 Quy hoạch đồng bộ 
👉 Chủ đầu tư Hưng Thịnh
♦️ Nền nhà phố: 5x19; 5x20; 7.5x20
♦️ Nền biệt thự: 10x20; 13x20
- - - - - - - - -🔹🔹🔹- - - - - - - - -
- GIÁ BÁN TRẢ GÓP:
👉 Nền phố: từ 6 tỷ - đợt 1: 1,2 tỷ
👉 Nền biệt thự: từ 9,8 tỷ - đợt 1: 1,9 tỷ
👉 Mỗi tháng góp 4%

- GIÁ BÁN TRẢ 1 LẦN:
👉 Nền phố: từ 5,4 tỷ
👉 Nền biệt thự: từ 8,7 tỷ

 SỔ HỒNG LÂU DÀI","Giá:   5,2 tỷ ",Diện tích:   90 m2,"Địa chỉ tài sản: Đường Chế Lan Viên, Phường Ghềnh Ráng, Thành phố Quy Nhơn, Bình Định",Mã tin10651046Hướng_Phòng ăn---Loại tinCần bánĐường trước nhà16mNhà bếp---Loại BDSNhà mặt tiềnPháp lýSổ hồng/ Sổ đỏSân thượng---Chiều ngang5mSố lầu---Chổ để xe hơi---Chiều dài20mSố phòng ngủ---Chính chủ---
BOOKING CĂN HỘ THE SAILING QUY NHƠN UY TÍN CHUYÊN NGHIỆP!!,"☘☘THE SAILING QUY NHƠN - CĂN HỘ SÁT BIỂN SỞ HỮU VĨNH VIỄN CỰC HIẾM DUY NHẤT TẠI THÀNH PHỐ BIỂN QUY NHƠN☘️☘️

👉 Tọa lạc tại 3 mặt tiền trọng điểm của trung tâm thành phố Quy Nhơn: đường Lê Duẩn, Nguyễn Tư, Vũ Bảo
👉 Chỉ từ 1,7 tỷ/căn view trực diện hướng biển, sinh khí, phong thuỷ tốt.
👉 Chủ đầu tư: Công ty CP Đầu Tư Phát Triển Bất Động Sản Đô Thành
👉 Nhà thầu xây dựng: Vinaconex 2
👉 Quản lý & vận hành: Tập đoàn Wyndham
👉 Diện tích: 10.748m2
👉 Quy mô: 2 toà tháp
   ❤ Tòa tháp Wyndham Sailing Bay Resort Quy Nhơn 36 tầng. 
   ❤Tòa tháp The Sailing 41 tầng
👉 02 tầng hầm
👉 Khối đế từ tầng 1-5 là khu thương mại, dịch vụ, shophouse, nhà hàng, cafe, gym, spa...
👉 Mẫu căn hộ: 1PN - 2PN - 3PN - Penthouse
👉 Pháp lý: Sổ hồng sở hữu vĩnh 
👉 Chỉ cần thanh toán trước 10% ký HĐMB, thanh toán 15 đợt, mỗi đợt chỉ 5%, ngân hàng hỗ trợ 70%, ân hạn 24 tháng lãi suất 0%
👉 Gói chính sách chia sẻ lợi nhuận đến 80% với đơn vị vận hành hàng đầu thế giới về du lịch và lữ hành WYNDHAM HOTELS AND RESORTS
The Sailing Quy Nhơn là dự án có vị trí đẹp nhất, quy mô lớn nhất, và chất lượng bàn giao cao cấp nhất Quy Nhơn
👉 Booking Căn hộ - Khi khách không có nhu cầu mua sẽ hoàn tiền lại cho khách. 
👉 Booking 50 triệu/suất ưu tiên","Giá:   1,7 tỷ ",Diện tích:   52 m2,"Địa chỉ tài sản: Đường Lê Duẩn, Phường Lý Thường Kiệt, Thành phố Quy Nhơn, Bình Định",Mã tin10911726Hướng_Phòng ănLoại tinCần bánĐường trước nhà---Nhà bếpLoại BDSCăn hộ chung cưPháp lý---Sân thượngChiều ngang---Số lầu41Chổ để xe hơiChiều dài---Số phòng ngủ1Chính chủ---Thuộc dự ánCăn hộ chung cư I-Tower Quy Nhơn (xem chi tiết dự án)
"THE SAILING QUY NHƠN – KỲ QUAN MẶT BIỂN, THIÊN ĐƯỜNG TRẢI NGHIỆM TƯ VẤN BOOKING GIỮ CHỖ!","💥 💥 💥THE SAILING QUY NHƠN – KỲ QUAN MẶT BIỂN, THIÊN ĐƯỜNG TRẢI NGHIỆM 🌈 🌈 🌈

💫💫GIÁ CHỈ 1TỶ8/Căn Hộ 
 ️
🏅Mang thương hiệu 5 sao Wyndham từ Tập đoàn khách sạn hàng đầu thế giới.

📌 Vị trí: Giao lộ 3 mặt tiền đường LÊ DUẨN – VŨ BẢO – NGUYỄN TƯ bao trọn cảnh sắc vịnh Quy Nhơn.
        ☘️Một bước chân NGÀN tiện ích☘️
🌟 Quy mô – Loại hình phát triển: Gồm 2 tòa tháp

✔️Toà tháp Wyndham Sailing Bay Resort Quy Nhơn: 36 tầng
✔️Toà tháp The Sailing: 41 tầng

🌟 Diện tích căn hộ đa dạng với đầy đủ các loại hình: 

➡ Loại 1 PN: 44 – 50m2 
➡ Loại 2 PN: 60 -80m2
➡ Loại 3 PN: 82 -90m2 
➡ Penthouse: 250 - 300m2

📘 Pháp lý vững vàng, sổ hồng lâu dài

👉 Chỉ 10% ký hợp đồng mua bán
👉 Thanh toán nhỏ giọt 
👉 Ngân hàng hỗ trợ 70%, 0% lãi suất trong 24 tháng
📌 Dự án đã lên tới tầng 7
-------Thông tin liên hệ:
#THE_SAILING_QUYNHƠN 
#CanHoCaoCapQuyNhon
☎ Liên hệ Chuyên viên Kinh Doanh về dự án THE SAILING  tại Quy Nhơn:
 Hotline:","Giá:   1,8 tỷ ",Diện tích:   50 m2,"Địa chỉ tài sản: Đường Lê Duẩn, Phường Lý Thường Kiệt, Thành phố Quy Nhơn, Bình Định",Mã tin10937040Hướng_Phòng ănLoại tinCần bánĐường trước nhà---Nhà bếpLoại BDSCăn hộ chung cưPháp lý---Sân thượngChiều ngang---Số lầu41Chổ để xe hơiChiều dài---Số phòng ngủ1Chính chủ---Thuộc dự ánCăn hộ chung cư I-Tower Quy Nhơn (xem chi tiết dự án)
"Bán Nhà Hẻm Lô Góc Đường Tây Sơn,P. Quang Trung Quy Nhơn","Bán Nhà Hẻm Lô Góc Đường Tây Sơn Quang Trung Quy Nhơn , Cấp 4 , Giá 1 Tỷ xxx
+ Vị Trí: Khu Gara Quyền, Gần Bến Xe , Chợ , Big C
+ Thiết Kế: 52m2 , N4m , 1PN , 1WC Đất vuông vắn đẹp ôm góc hẻm rộng rãi thoáng mát
+ Thích Hợp: Để Ở Hoặc Đầu Tư.
Khách cần liên hệ e xem nhà thương lượng chốt nhanh ạ","Giá:   1,8 tỷ ",Diện tích:   52 m2,"Địa chỉ tài sản: Đường Tây Sơn, Phường Quang Trung, Thành phố Quy Nhơn, Bình Định","Mã tin10768682HướngTây BắcPhòng ăn---Loại tinCần bánĐường trước nhà3,5mNhà bếp---Loại BDSNhà trong hẻmPháp lýSổ hồng/ Sổ đỏSân thượng---Chiều ngang4mSố lầu---Chổ để xe hơi---Chiều dài---Số phòng ngủ1Chính chủ---"
"Bán nhà 1 mê hẻm oto cạn rộng  Âu cơ. Kv1, P Bùi thị xuân","Bán nhà 1 mê hẻm cạn rộng Âu cơ. Kv1, P Bùi thị xuân 
Hẻm 4m ô đi được. Đậu đc. 
KẾT CẤU : NHÀ 1 MÊ -1 PK , 1 BẾP , 2 PN , 2 WC , 1 PT , 1 SP , GIẾNG TRỜI ,  
DT : 42m2, ngang 7,3m. 
Nhà ĐẸP GIÁ SIÊU MỎNG: 1 TỶ 2xx 
Khách thiện chí liên hệ e dẫn xem nhà chốt Nhanh ạ: 0358","Giá:   1,28 tỷ ",Diện tích:   42 m2,"Địa chỉ tài sản: Đường Âu Cơ, Phường Bùi Thị Xuân, Thành phố Quy Nhơn, Bình Định","Mã tin11004083Hướng_Phòng ăn---Loại tinCần bánĐường trước nhà4mNhà bếp---Loại BDSNhà trong hẻmPháp lýSổ hồng/ Sổ đỏSân thượng---Chiều ngang7,3mSố lầu1Chổ để xe hơi---Chiều dài---Số phòng ngủ2Chính chủ---"
"Còn vài Lô giá mềm khu Tái Định Cư Bờ Giao Tuy Phước, khu Trung tâm Tuy Phước","Còn vài Lô giá mềm khu Tái Định Cư Bờ Giao Tuy Phước, khu Trung tâm Thị Trấn Tuy Phước phát triển mạnh, Sầm Uất...
Diện tích 110m2 Giá từ 1ty 1xx - 
Khách thiện chí liên hệ e dẫn xem Đất Chốt Nhanh ạ: zalo 0358","Giá:   1,18 tỷ ",Diện tích:   110 m2,"Địa chỉ tài sản: Thị trấn Tuy Phước, Huyện Tuy Phước, Bình Định","Mã tin11055389Hướng_Phòng ăn---Loại tinCần bánĐường trước nhà16mNhà bếp---Loại BDSĐất thổ cư, đất ởPháp lýSổ hồng/ Sổ đỏSân thượng---Chiều ngang5mSố lầu---Chổ để xe hơi---Chiều dài---Số phòng ngủ---Chính chủ---"
Siêu Phẩm ngang 8m Khu Đông Bàn Thành. Lộ chính 16m. Rẻ hơn CDT 200tr,"🆘🔥🆘 𝐒𝐈𝐄̂𝐔 𝐏𝐇𝐀̂̉𝐌 Đ𝐎̂𝐍𝐆 𝐁𝐀̀𝐍 𝐓𝐇𝐀̀𝐍𝐇 - 𝐓𝐫𝐮̣𝐜 𝐂𝐡𝐢́𝐧𝐡 𝐗𝐮𝐲𝐞̂𝐧 𝐒𝐮𝐨̂́𝐭 𝐍𝐨̂́𝐢 𝐋𝐢𝐞̂̀𝐧 𝟑 𝐊𝐡𝐮  🆘🔥🆘
▪️Diện Tích : 140m ( 8x17,5) Hướng Đông Bắc mát mẻ, ngang lên tới 8m ( quá đẹp ) . 
📍Vị Trí : TT Phường Đập Đá, ngay quán Bida Cọp 🎱🎱🎱 Đông Bàn Thành, gần ngã tư Công viên Lộ giới 16m nhựa trục chính xuyên suốt dự án Bàn Thành thông thẳng khu Quảng Trường, Công Viên khu Đấu Giá 🚦🚦🚦
Giá :  🅘🅝🅑 🗞 (Hàng Ngộp Bank, Bán gấp cam kết rẻ hơn thị trường 2tr/m2 🔝) 
☎️𝑳𝒊𝒆̂𝒏 𝑯𝒆̣̂ : 0938-365-044 𝑿𝒆𝒎 Đ𝒂̂́𝒕 
📕𝒁𝒂𝒍𝒐 : 𝑽𝒊̃𝒏𝒉 𝑻𝒉𝒂̂𝒏 
🔥ℂℍ𝕌̉ ℕ𝔾𝕆̣̂ℙ 𝔹𝔸ℕ𝕂 Đ𝔼̂̉ 𝕃𝔸̣𝕀 𝔾𝕀𝔸́ 𝕊𝕀𝔼̂𝕌 Đ𝔸̂̀𝕌 𝕋𝕌̛ ℂℍ𝕆 𝕂ℍ𝔸́ℂℍ. 𝕂ℍ𝕆̂ℕ𝔾 𝕄𝕌𝔸 𝕃𝕆̂ ℕ𝔸̀𝕐 𝕋ℍ𝕀̀ 𝕄𝕌𝔸 𝕃𝕆̂ ℕ𝔸̀𝕆 ℕ𝕌̛̃𝔸 𝔸̣ !!!🔥","Giá:   14,2 triệu / m2  ",Diện tích:   140 m2,"Địa chỉ tài sản: Quốc lộ 1A, Phường Đập Đá, Thị xã An Nhơn, Bình Định","Mã tin11047469HướngĐông BắcPhòng ăn---Loại tinCần bánĐường trước nhà16mNhà bếp---Loại BDSĐất thổ cư, đất ởPháp lýSổ hồng/ Sổ đỏSân thượng---Chiều ngang8mSố lầu---Chổ để xe hơi---Chiều dài17,5mSố phòng ngủ---Chính chủ---Thuộc dự ánKhu dân cư Bàn Thành (xem chi tiết dự án)"
THANH TOÁN 30% CHỈ VỚI 1 TỶ 150 ĐẦU TƯ SINH LỜI ĐẤT NỀN VEN BIỂN QUY NHƠN,"Tọa lạc tại trục đường huyết mạch tuyến đường 19B, giáp 3 quảng trường biển lớn thành phố biển Quy Nhơn
Kết nối trực tiếp với cầu Thị Nải ( 12km), đường cao tốc đến sân bay quốc tế Phù Cát (15km)

- Diện tích nhà liền kề : 80 ( 5*16)
- Diện tích nhà biệt thự : 126, 136 ...
- Đường trước nhà 11m, 27m

7 công viên kỳ quan - nơi tái hiện tinh hoa kiến trúc với khu phố Nhật Bản, Hàn Quốc
Trung tâm mua sắm dãy phố thương mại dọc mặt tiền quốc lộ 19B dài hơn 1000m2
Hệ thống giao thông nội khu rộng rãi
Công viên thung lũng xanh rộng hơn 60.000m2
Sân tập golf chuẩn quốc tế
11 công viên chủ đề
Hồ bơi 4 mùa và nhà hàng
Quảng trường đại dươngtừng
Sân tập thể thao
Công viên cây xanh
Trung tâm chăm sóc sức khỏe
Hệ thống trường quốc tế từ mầm non, tiểu học , trung học cơ sở


Bảng hàng tháng 7, chính sách cực ưu đãi lên đến 10%
Hỗ trợ từ ngân hàng PVcombak
Cho phép trả góp lãi suất 0% trong vòng 2 năm
Ước tính khoản vay :
3.300.000.000 VND
Tỷ lệ vay 65% - số tiền vay 1.150.000.000 VND - thời hạn vay 2 năm
Lãi suất 0%
Tiềm năng sinh lời gấp đô","Giá:   1,15 tỷ ",Diện tích:   80 m2,"Địa chỉ tài sản: Quốc Lộ 1D, Xã Nhơn Hội, Thành phố Quy Nhơn, Bình Định","Mã tin11056150Hướng_Phòng ăn---Loại tinCần bánĐường trước nhà5mNhà bếp---Loại BDSĐất nền, liền kề, đất dự ánPháp lý---Sân thượng---Chiều ngang---Số lầu---Chổ để xe hơi---Chiều dài---Số phòng ngủ---Chính chủ---"
CHUYỂN NHƯỢNG ĐẤT XÂY KHÁCH SẠN KHU TÂY ĐƯỜNG AN DƯƠNG VƯƠNG DT 950M2 CÁCH BIỂN 100M,"CHUYỂN NHƯỢNG ĐẤT XÂY KHÁCH SẠN KHU TÂY ĐƯỜNG AN DƯƠNG VƯƠNG DT 950M2 CÁCH BIỂN 100M
+ Diện tích: 950m2
+ Pháp lý: Sổ đỏ 
+ Giá bán: 103tỷ
+ Đất này đầu tư xây dụng khách sạn, nhà hàng, khách du lịch, tiện di chuyển các khu du lịch Biển Quy nhơn, Ghềnh Ráng, Kỳ Co, Eo gió, MerryLand Quy Nhơn
+ Vị trí: Khu Tây Đường An Dương Vương, Tp. Quy Nhơn",Giá:   103 tỷ ,Diện tích:   950 m2,"Địa chỉ tài sản: Đường An Dương Vương, Phường Nguyễn Văn Cừ, Thành phố Quy Nhơn, Bình Định","Mã tin11049010HướngBắcPhòng ăn---Loại tinCần bánĐường trước nhà40mNhà bếp---Loại BDSNhà hàng, khách sạnPháp lýSổ hồng/ Sổ đỏSân thượng---Chiều ngang24mSố lầu---Chổ để xe hơi---Chiều dài50mSố phòng ngủ---Chính chủ---"
Bán lô đất khu đầm Đống Đa ngay bến du thuyền diên tích 95m2,"Bán lô đất khu đầm Đống Đa ngay bên du thuyền...
Nay co tên đường là Ngọc Hồi
Diện tich 95m2 
Ngang 5m
Sổ đỏ chính chủ
Hướng bắc
Giá 6ty 100 triệu
Đất đẹp vuông vắn view sông cực đẹp 
Thích hop vừa ở và kinh doanh
Khu đã co kinh doanh nhà hàng và homestay..v..vv","Giá:   6,1 tỷ ",Diện tích:   95 m2,"Địa chỉ tài sản: Phường Đống Đa, Thành phố Quy Nhơn, Bình Định","Mã tin10013382HướngĐông BắcPhòng ăn---Loại tinCần bánĐường trước nhà20mNhà bếp---Loại BDSĐất thổ cư, đất ởPháp lýSổ hồng/ Sổ đỏSân thượng---Chiều ngang5mSố lầu---Chổ để xe hơi---Chiều dài19mSố phòng ngủ---Chính chủ---"
THE SALLING QUY NHƠN CHỈ TỪ 450 TRIỆU,"Đầu tư ""NHẸ VỐN"" - Thanh toán ""NHẸ TÊNH"" - Quản lý ""NHẸ ĐẦU"" với THE SAILING QUY NHƠN
💹 Quản lý dòng tiền cho căn hộ nghỉ dưỡng luôn là vấn đề khiến nhà đầu tư bận tâm. Nhưng tại The Sailing Quy Nhơn, những “thượng đế” sẽ không cần lo lắng về điều đó nhờ chính sách bán hàng cực hấp dẫn.    
💰 ĐẦU TƯ NHẸ VỐN: Chỉ cần thanh toán trước 10%, tương đương khoảng … sẽ được sở hữu ngay căn hộ nghỉ dưỡng 5 sao ven biển trung tâm thành phố.
💸  THANH TOÁN NHẸ TÊNH: Tiến độ thanh toán linh hoạt lên tới 15 đợt, ngân hàng hỗ trợ vay tới 70%, lãi suất 0% tới khi nhận bàn giao căn hộ. Khách hàng không sử dụng chính sách hỗ trợ lãi suất sẽ được chiết khấu ngay 5%. Bên cạnh đó, chiết khấu 8% cho khách hàng thanh toán sớm 95% GTCH và chiết khấu 5% cho khách hàng thanh toán sớm 70% GTCH.
✍️ QUẢN LÝ NHẸ ĐẦU: Được quản lý vận hành bởi thưởng hiệu Vina2.2 – Đơn vị vận hành 20 tòa nhà lớn khắp cả nước giúp chủ sở hữu nhẹ đầu khi quản lý. Đặc biệt, khách hàng hưởng lợi kép: vừa được hỗ trợ chia sẻ lợi nhuận khai thác vận hành tương đương 8% giá trị căn hộ, đồng thời vẫn được chia sẻ 50/50 doanh thu khai thác vận hành từ chủ đầu tư - mức chia sẻ lợi nhuận siêu hấp dẫn trên thị trường. 
🎁 Bên cạnh đó, chủ đầu tư cũng đang tung chính sách quà tặng cực hấp dẫn với tổng giá trị giải thưởng lên tới hàng trăm tỷ.
Số lượng có hạn - Nhanh tay sở hữu ngay hôm nay!
--------------
THE SAILING QUY NHƠN 
💥 Tổ hợp tòa tháp căn hộ nghỉ dưỡng biển đẳng cấp 5 sao
💥 Tọa lạc trên nút giao 3 mặt tiền phố Lê Duẩn - Nguyễn Tư - Vũ Bảo","Giá:   1,7 tỷ ",Diện tích:   70 m2,"Địa chỉ tài sản: Đường Vũ Bảo, Phường Lý Thường Kiệt, Thành phố Quy Nhơn, Bình Định",Mã tin11003543HướngĐông NamPhòng ăn---Loại tinCần bánĐường trước nhà20mNhà bếp---Loại BDSCăn hộ chung cưPháp lýSổ hồng/ Sổ đỏSân thượng---Chiều ngang4mSố lầu43Chổ để xe hơi---Chiều dài15mSố phòng ngủ2Chính chủ---Thuộc dự ánCăn hộ chung cư I-Tower Quy Nhơn (xem chi tiết dự án)
"Bán đất đấu giá khu dân cư Định Công, Hoài Mỹ","Bán 2 lô đất liền kề khu đấu giá tái định cư ở Định Công, Hoài Mỹ, Hoài Nhơn, Bình Định. Tổng diện tích 2 lô là 334m². Giá bán 1ty070tr. Gần khu dân cư, trường học, gần chợ. Đường rộng to thoáng mát. Thích hợp cho vc ra riêng, xây nhà kho, mở quán.","Giá:   1,07 tỷ ",Diện tích:   334 m2,"Địa chỉ tài sản: Xã Hoài Mỹ, Huyện Hoài Nhơn, Bình Định","Mã tin10993139HướngĐông NamPhòng ăn---Loại tinCần bánĐường trước nhà3,5mNhà bếp---Loại BDSĐất thổ cư, đất ởPháp lýSổ hồng/ Sổ đỏSân thượng---Chiều ngang12mSố lầu---Chổ để xe hơi---Chiều dài27mSố phòng ngủ---Chính chủ---"
"BÁN NHÀ MT 60 CAO BÁ QUÁT, TP QUY NHƠN, BÌNH ĐỊNH","Bán nhà 60 Cao Bá Quát, TP Quy Nhơn, Bình Định
DT 68m2 (4,6m x 15m).
Nhà 2 mê, gần chợ Đầm, gần hồ sinh thái Đống Đa, kdc đông đúc.
Sổ đỏ chính chủ
Giá bán 4 tỷ 300 triệu
Liên hệ 0988.808.780","Giá:   4,3 tỷ ",Diện tích:   68 m2,"Địa chỉ tài sản: Đường Cao Bá Quát, Thành phố Quy Nhơn, Bình Định","Mã tin10955618Hướng_Phòng ăn---Loại tinCần bánĐường trước nhà---Nhà bếp---Loại BDSNhà mặt tiềnPháp lýSổ hồng/ Sổ đỏSân thượng---Chiều ngang4,6mSố lầu2Chổ để xe hơi---Chiều dài15mSố phòng ngủ---Chính chủ"
"BÁN ĐẤT LÔ 17 ĐƯỜNG THÀNH THÁI NỐI DÀI, KĐT AN PHƯỚC, TP QUY NHƠN","Bán đất lô 17 đường Thành Thái nối dài, KĐT An Phước, TP Quy Nhơn.

Diện tích 88m2 (5m x 17,5m). Hướng Đông Bắc, lộ giới 20m.

Giá bán 5 tỷ 300 triệu

Liên hệ 0988.808.780
","Giá:   5,3 tỷ ",Diện tích:   88 m2,"Địa chỉ tài sản: Đường Thành Thái, Thành phố Quy Nhơn, Bình Định","Mã tin10955624Hướng_Phòng ăn---Loại tinCần bánĐường trước nhà---Nhà bếp---Loại BDSĐất thổ cư, đất ởPháp lý---Sân thượng---Chiều ngang5mSố lầu---Chổ để xe hơi---Chiều dài17,5mSố phòng ngủ---Chính chủ---"
"CẦN BÁN NHÀ MẶT TIỀN 354 ĐƯỜNG TÂY SƠN, TP QUY NHƠN, BÌNH ĐỊNH","Cần bán nhà mặt tiền 354 đường Tây Sơn đối diện gara Quyền), phường Quang Trung, TP Quy Nhơn.

Diện tích 95m2 (5x19). Sổ đỏ chính chủ

Khu đông đúc sầm uất bậc nhất Quy Nhơn, gần chợ, siêu thị...thích hợp ở và kinh doanh.

Giá bán 6,8 tỷ

Liên hệ  SĐT 0903.541.089","Giá:   6,8 tỷ ",Diện tích:   95 m2,"Địa chỉ tài sản: Đường Tây Sơn, Phường Quang Trung, Thành phố Quy Nhơn, Bình Định",Mã tin10818168Hướng_Phòng ăn---Loại tinCần bánĐường trước nhà---Nhà bếp---Loại BDSNhà mặt tiềnPháp lýSổ hồng/ Sổ đỏSân thượng---Chiều ngang5mSố lầu---Chổ để xe hơi---Chiều dài19mSố phòng ngủ---Chính chủ
BOOKING CĂN HỘ PHÚ TÀI CENTRAL LIFE GIÁ RẺ NHẤT TẠI QUY NHƠN,"☘️☘️ PHÚ TÀI CENTRAL LIFE ☘️☘️
📣📣 THÔNG BÁO BOOKING GIỮ CHỖ DỰ ÁN PHÚ TÀI CENTRAL LIFE
🔰 Bắt đầu nhận giữ chỗ: 24/05/2022
🔰 KH đã vào tiền giữ chỗ sẽ được ưu tiên chọn căn theo STT từ thấp đến cao (theo thời gian quy định) khi CĐT ra giỏ hàng.
🔰 Số tiền booking:
🔺 50 tr/STT/Căn hộ
🔺100 tr/STT/Căn hộ chức năng 
Liên hệ SĐT để được tư vấn trực tiếp",Giá:   900 triệu ,Diện tích:   42 m2,"Địa chỉ tài sản: Đường Hoàng Văn Thụ, Phường Quang Trung, Thành phố Quy Nhơn, Bình Định",Mã tin10915899Hướng_Phòng ănLoại tinCần bánĐường trước nhà---Nhà bếpLoại BDSCăn hộ chung cưPháp lý---Sân thượngChiều ngang---Số lầu25Chổ để xe hơiChiều dài---Số phòng ngủ1Chính chủ---Thuộc dự ánCăn hộ chung cư Phú Tài Residences (xem chi tiết dự án)
"CHÍNH CHỦ CẦN BÁN NHÀ HẺM 829 ĐƯỜNG HÙNG VƯƠNG, TP QUY NHƠN, BÌNH ĐỊNH","Cần bán nhà ở hẻm caffe Thanh Trực tại địa chỉ: Hẻm 829 Hùng Vương, TP Quy Nhơn, tỉnh Bình Định.
- Diện tích: 53 m2 
- Chiều ngang 5m, chiều dài 9,2m
- Sổ đỏ chính chủ
- Nhà kiên cố gồm: phòng ngủ, WC, phòng khách, bếp rộng rãi, thoáng mát.
- Đường trước nhà rộng 4m.
- Khu vực dân cư đông, an ninh ổn định.
- Gần trường tiểu học và trung học cở sở Nhơn Phú. Gần chợ và nhiều tiện ích xung quanh...thuận tiện giao thông đi lại.
- Giá bán: 1,1 tỷ - có thương lượng
Liên hệ SDT chính chủ: anh Vinh - 0914.439.099 hoặc sinh 0888.341.627.","Giá:   1,1 tỷ ",Diện tích:   53 m2,"Địa chỉ tài sản: Đường Hùng Vương, Thành phố Quy Nhơn, Bình Định",Mã tin10886106Hướng_Phòng ăn---Loại tinCần bánĐường trước nhà---Nhà bếp---Loại BDSNhà trong hẻmPháp lý---Sân thượng---Chiều ngang---Số lầu---Chổ để xe hơi---Chiều dài---Số phòng ngủ---Chính chủ---
BÁN ĐẤT 5 lô ĐẤT KHU GẦN CHỢ BỒ ĐỀ DT 750M2 NGANG 37.5M Cách trường Đại Học FPT 4km,"BÁN ĐẤT 5 lô ĐẤT KHU GẦN CHỢ BỒ ĐỀ DT 750M2 NGANG 37.5M Thị Trấn Tuy Phước

+ Hiện trạng: đất trống

+ Diện tích: 750m2, ngang 37.5mx20m

+ Pháp lý: Sổ đỏ

+ hướng: Tây Nam

+ Giá bán: 14 tỷ 500tr có thương lượng

+ Có thể bán lẻ từng lô DT 150 m2(7.5x20) hay từng cặp 300m2(15x20)

+ Vị trí đắt địa bên chợ Bồ Đề, đối diện biệt thự nhà Minh Dư, sau đồng ruộng thoáng mát, gần quốc lộ 19,
Cách trường Đại Học FPT 4km

+ Cách khu dự án đại phú gia 3km, Cách biển quy nhơn 10km, tiệc di chuyển đến các khu du lịch quy nhơn, kỳ co, Merryland quy nhơn…

+ khu kinh doanh nhà nghỉ, khách sạn, karaoke, caffe…

+ Vị trí: Thị Trấn Tuy Phước, huyện Tuy Phước, tỉnh Bình Định","Giá:   14,5 tỷ ",Diện tích:   750 m2,"Địa chỉ tài sản: 00 Đường Nguyễn Nhạc, Thị trấn Tuy Phước, Huyện Tuy Phước, Bình Định","Mã tin11024217HướngĐông NamPhòng ănLoại tinCần bánĐường trước nhà16mNhà bếpLoại BDSĐất thổ cư, đất ởPháp lýSổ hồng/ Sổ đỏSân thượngChiều ngang37mSố lầu---Chổ để xe hơiChiều dài20mSố phòng ngủ---Chính chủ---"
Cần Bán 3 Lô Đất Liền Kề Góc Ngã 4 Khu Vực Đề Gi Đô Thị Cát Khánh,"Cần Bán 3 Lô Đất Liền Kề Góc Ngã 4 Khu Vực Đề Gi Đô Thị Cát Khánh

Gần Công Viên, Sân Vận Động, Trường, Chợ...

Cách Cảng Biển Đề Gi 500-700m, Bán Kính Vài Trăm Mét Đầy Đủ Tiện ích...

Nằm Khúc Giữa Trung Tâm Khu Quy Hoạch Dân Cư An Quang Tây hiện hữu Và Khu Quy Hoạch Mới Chuẩn Bị Làm

Đất Nằm Trục Chính Lộ Giới 16-18m, Lô Góc Và Kề Góc Ngã Tư

Nằm Giữa 2 Công Viên Làng Nghề Nước Mắm Đề Gi Và Công Viên Ánh Sáng

         ĐẤT VỊ TRÍ CHẤM ĐỎ TRÊN SƠ ĐỒ

Diện Tích : 5 x 30=150m2 (Lô Ống)
Giá Bán : 1 Tỷ 600 Triệu

Lô Góc Ngã 4 Có Nhà Cấp 4: 210m2
Giá Bán : 2 Tỷ 500 Triệu
               Full Thổ Cư, Hướng Nam
                                         
Mua Bán & Nhận Ký Gởi Nhà Đất
Khu Vực Cảng Biển Đề Gi & Trung Tâm Thị Trấn Cát Khánh Phù Cát & An Nhơn, Bình Định...
...
..
.","Giá:   1,6 tỷ ",Diện tích:   150 m2,"Địa chỉ tài sản: Thôn An Quang Tây, Xã Cát Khánh, Huyện Phù Cát, Tỉnh Bình Định Xã Cát Khánh, Huyện Phù Cát, Bình Định","Mã tin10998758HướngNamPhòng ăn---Loại tinCần bánĐường trước nhà16mNhà bếp---Loại BDSĐất nền, liền kề, đất dự ánPháp lýSổ hồng/ Sổ đỏSân thượng---Chiều ngang5mSố lầu---Chổ để xe hơi---Chiều dài30mSố phòng ngủ---Chính chủ---"
"Cần bán lô đất VIP , 2 mặt tiền trước và sau đường Võ Thị Yến - DT 356m2 ngang 9,2m","💥 Cần bán lô đất VIP , 2 mặt tiền trước và sau đường Võ Thị Yến , phường Nguyễn Văn Cừ 
💫 Vị trí đắc địa , cách biển 200m , ngay tổ hợp khách sạn , nhà hàng , khu vui chơi sầm uất , thích hợp xây khách sạn 
👉 Diện tích : 356m2 ngang 9,2m
👉 Hiện trạng : đất 2 mặt tiền trước và sau , một mặt Võ Thị Yến , mặt còn lại đường nội bộ 8m
👉 Hướng : Tây Bắc 
👉 Lộ giới : 20m
👉 Giá : 50 tỷ
💥💥 Cảm ơn đã xem tin !",Giá:   50 tỷ ,Diện tích:   356 m2,"Địa chỉ tài sản: Đường Võ Thị Yến, Phường Nguyễn Văn Cừ, Thành phố Quy Nhơn, Bình Định","Mã tin8972945HướngTây BắcPhòng ăn---Loại tinCần bánĐường trước nhà20mNhà bếp---Loại BDSĐất thổ cư, đất ởPháp lýSổ hồng/ Sổ đỏSân thượng---Chiều ngang9,2mSố lầu---Chổ để xe hơi---Chiều dài37mSố phòng ngủ---Chính chủ---"
"BÁN ĐẤT ĐỀ GI, ĐÔ THỊ CÁT KHÁNH, GẦN TRƯỜNG, CHỢ, CÔNG VIÊN..., CÁCH CẢNG CÁ BIỂN 700M","Cần Bán 2 Lô Đất Liền Kề Khu Vực Đề Gi Cát Khánh
- Gần Công Viên, Sân Vận Động, Trường, Chợ...
- Cách Cảng Biển Đề Gi 500-700m, Bán Kính Vài Trăm Mét Đầy Đủ Tiện ích...
- Nằm Khúc Giữa Trung Tâm Khu Quy Hoạch Dân Cư An Quang Tây Hiện Hữu Và Khu Quy Hoạch Mới Chuẩn Bị Làm
- Đất Nằm Trục Chính Lộ Giới 16-18m, Lô Kề Góc Ngã Tư
- Nằm Giữa 2 Công Viên Làng Nghề Nước Mắm Đề Gi Và Công Viên Ánh Sáng

         ĐẤT VỊ TRÍ CHẤM ĐỎ TRÊN SƠ ĐỒ

https://goo.gl/maps/Cp4XV91uS6XaLJWx7

Diện Tích : 5 x 30=150m/Lô
               Full Thổ Cư, Hướng Nam

Giá Lô Đang Đăng Bán : 1 Tỷ 600 Triệu/Lô
                      Có 2 Lô Liền Kề
Các Lô Khác Giá : Tuỳ Vị Trí Diện Tích 140-160m
      Giá 800 - 900
      Giá 1350 - 1400
      Giá 1520 - 1550
      Giá 2300 -  2400 

ACE Cần Liên Hệ:
            𝟬𝟵𝟯-𝟳𝟵𝟱-𝟳𝟵𝟵𝟱
                 (Dương Chí Hưng)
                                         
Mua Bán & Nhận Ký Gởi Nhà Đất
Khu Vực Cảng Biển Đề Gi & Trung Tâm Thị Trấn Cát Khánh Phù Cát & An Nhơn, Bình Định...
...
..
.","Giá:   1,6 tỷ ",Diện tích:   150 m2,"Địa chỉ tài sản: Khu Quy Hoạch Dân Cư Đề Gi, An Quang, Cát Khánh Xã Cát Khánh, Huyện Phù Cát, Bình Định","Mã tin10998723HướngNamPhòng ăn---Loại tinCần bánĐường trước nhà16mNhà bếp---Loại BDSĐất nền, liền kề, đất dự ánPháp lýSổ hồng/ Sổ đỏSân thượng---Chiều ngang5mSố lầu---Chổ để xe hơi---Chiều dài30mSố phòng ngủ---Chính chủ---"
Bán nhà cấp 4 cũ mặt tiền đường Lê Công Miễn 87m2,"Bán nhà cấp 4 cũ mặt tiền đường Lê Công Miễn 
Diện tích: 87m2 ngang 5m hướng Đông Nam
Vị trí: gần biển , gần chợ Ghềnh Ráng, gần chung cư Bông Hồng chuẩn bị xây dựng.
Gần khu du lịch Ghềnh Ráng ...
Giá bán: 5ty250 tr có lưu chủ

Xin chân thành cảm ơn!!!","Giá:   5,25 tỷ ",Diện tích:   87 m2,"Địa chỉ tài sản: Đường Lê Công Miễn, Phường Ghềnh Ráng, Thành phố Quy Nhơn, Bình Định","Mã tin11017357HướngĐông NamPhòng ănLoại tinCần bánĐường trước nhà16mNhà bếpLoại BDSNhà mặt tiềnPháp lýSổ hồng/ Sổ đỏSân thượng---Chiều ngang5mSố lầu---Chổ để xe hơiChiều dài17,4mSố phòng ngủ2Chính chủ---"
"Cần bán một số lô đất khu đô thị mới Cát Tiến , TT Cát Tiến , cách biển 500m","💥 Cần bán một số lô đất góc 2 mặt tiền , và lô ống , khu đô thị mới Cát Tiến , trục chính đi chùa Linh Phong , thuộc thị trấn Cát Tiến , huyện Phù Cát
✅ Vị trí: Trung tâm thị trấn Cát Tiến , nằm trên trục đường cửa ngõ của Tỉnh Bình Định , cách biển 500m , ngay khu du lịch tâm linh nỗi tiếng Chùa Ông Núi , tiếp giáp với nhiều dự án sầm uất
• Bắc là khu du lịch nghĩ dưỡng của Vinacapital đã khởi công
• Đông giáp biển và dự án Maia Villas của tập đoàn Hưng Thịnh đã khởi công 
• Nam giáp tuyến đường Điện Biên Phủ thông Quy Nhơn đã khởi công
• Tây giáp dự án chung cư cao cấp đang thi công của công ty Lạc Việt 
💥 Hội tụ đầy đủ yếu tố để đầu tư sinh lời 
👉 Hiện trạng : đất trống 
👉 Pháp lý : sổ đỏ chính chủ
♦️ Lô góc 2 mặt tiền đường A5 - A2 , Đơ 8 , diện tích 230m2 ngang 12m , lộ giới 15m , hướng Tây Bắc - Đông Bắc , giá 5 tỷ 700tr
♦️ Lô ống mặt chính Trục Linh Phong , Đơ 05 , diện tích 160m2 ngang 8m , hướng Đông Nam , lộ giới 36m , giá bán 4 tỷ 350tr , 2 lô liền kề
♦️ 5 : 3 lô liền kề đường A15 , Đơ 11 , diện tích 270m2 ngang 15m , hướng Đông Nam , lộ giới 15m , giá bán 5 tỷ 850tr
♦️6 : Lô ống đường A2 , Đơ 08 , diện tích 90m2 ngang 5m , lộ giới 15m , giá 2 tỷ 050tr
♦️ 7 : lô ống đường A10 , Đơ 11 , diện tích 117m2 Ngang 6m , hướng Tây Nam , lộ giới 24m , giá 2 tỷ 200tr 
♦️ 8 : lô ống đường A5 , diện tích 123m2 ngang 6m , hướng Đông Bắc , lộ giới 15m , giá 2 tỷ 700tr
♦️ 9 : lô góc đường A2 - A5 , diện tích 110m2 ngang 6m , hướng Đông Bắc - Tây Bắc , lộ giới 15m , giá 2 tỷ 900tr
♦️ 10 : lô ống NO - 07 , lô 25 , DT 112,5m2 ngang 5m , hướng Bắc , giá 3 tỷ 200tr
💥 Còn nhiều vị trí cho khách hàng lựa chọn 
💥💥 Cảm ơn đã xem tin!","Giá:   6,5 tỷ ",Diện tích:   208 m2,"Địa chỉ tài sản: Đường Tỉnh lộ 639, Xã Cát Tiến, Huyện Phù Cát, Bình Định","Mã tin7673746HướngTây BắcPhòng ăn---Loại tinCần bánĐường trước nhà36mNhà bếp---Loại BDSĐất thổ cư, đất ởPháp lýSổ hồng/ Sổ đỏSân thượng---Chiều ngang10mSố lầu---Chổ để xe hơi---Chiều dài28mSố phòng ngủ---Chính chủ---"
CHỦ NGỘP BANK CẦN RA CĂN 1PN ALTARA,"Căn hộ 1pn 1wc: 45m2 chưa vào nội thất. Chủ mới về thỏa thích décor…
Tầng cao, view thoáng, đầy đủ tiện ích.
Phòng gym, hồ bơi tầng thượng.
Hầm đậu xe ô tô, xe máy ưu tiên chỗ cho cư dân.
Doanh thu cho thuê ngày/tháng/năm ổn định.
Tỷ suất sinh lời cao.
Giá mong muốn: 1 tỷ xxx (thương lượng mạnh).Căn hộ đã ra sổ",Giá:   34 triệu / m2  ,Diện tích:   45 m2,"Địa chỉ tài sản: 76 Đường Trần Hưng Đạo, Phường Hải Cảng, Thành phố Quy Nhơn, Bình Định",Mã tin11061256Hướng_Phòng ănLoại tinCần bánĐường trước nhà---Nhà bếpLoại BDSCăn hộ chung cưPháp lýSổ hồng/ Sổ đỏSân thượngChiều ngang---Số lầu40Chổ để xe hơiChiều dài---Số phòng ngủ1Chính chủ---Thuộc dự ánCăn hộ chung cư Altara Residences (xem chi tiết dự án)
CADIA QUY NHƠN - GIÁ ƯU ĐÃI GIAI ĐOẠN MỞ BÁN,"CADIA QUY NHON
Chỉ cần 500tr sở hữu ngay căn hộ du lịch mang biểu tượng mới tại Quy Nhơn
Vị trí ngay mặt tiền biển, ngay cạnh quảng trường Nguyễn Tất Thành, đắc địa và duy nhất tại Tp Quy Nhơn
Biểu tượng mới Tp. Quy Nhơn trong tương lai.
Đường hầm ra biển đầu tiên và duy nhất tại Quy Nhơn.
Rooftop bar - Skyline đầu tiên tại Quy Nhơn.
Giá rumour 3,5 tỷ/studio
CK mua sỉ:
2-4 căn: 1%
4-6 căn: 2%
Trên 6 căn: 3%
Chia sẻ Lợi nhuận CSH: 90%_10%
Tặng 15 đêm/năm;
Cam kết hợp tác khai thác 2 năm:
- Studio: 384tr = 16tr/tháng
- 2PN: 528tr = 22tr/tháng
- 2PN góc: 672tr = 28tr/tháng
Tặng Chủ sở hữu chi phí tham quan dự án: 10tr/CH
ƯU ĐÃI TÀI CHÍNH:
+ Vay vốn 65%
+ Lãi suất 0%
+ Ân hạn nợ gốc 27 tháng
Tháng 1/2025 bàn giao nhà","Giá:   3,5 tỷ ",Diện tích:   77 m2,"Địa chỉ tài sản: Đường Ngô Mây, Phường Nguyễn Văn Cừ, Thành phố Quy Nhơn, Bình Định","Mã tin11052454Hướng_Phòng ăn---Loại tinCần bánĐường trước nhà---Nhà bếp---Loại BDSNhà hàng, khách sạnPháp lý---Sân thượng---Chiều ngang---Số lầu---Chổ để xe hơi---Chiều dài---Số phòng ngủ---Chính chủ---Thuộc dự ánCăn hộ chung cư Cadia Quy Nhơn (xem chi tiết dự án)"
CĂN HỘ ALTARA QUY NHƠN. SỔ ĐỎ ĐÃ BÀN GIAO - NHÀ VÀO Ở NGAY,"Vị trí đắc địa ngay mặt đường Trần Hưng Đạo - tuyến đường kinh doanh sôi động bậc nhất TP. Quy Nhơn.
Nằm trong khu vực có môi trường sống trong lành nhất Quy Nhơn với việc hội tụ nhiều cơ quan công quyền, hệ thống Y tế, Giáo dục, Văn hóa hàng đầu thành phố.
Dễ dàng kết nối với nhiều tuyến đường huyết mạch như: Quốc lộ 1A, Quốc lộ 1D, Quốc lộ 19,
-----------
Không gian sống cao cấp tiện nghi trải nghiệm phong cách nghỉ dưỡng ngay tại nhà.
Trung tâm thương mại sầm uất.
Phòng tập Gym hiện đại view biển xanh mát.
Bể bơi tầng thượng view 4 mặt biển.
Hệ thống an ninh và phòng cháy chữa cháy chất lượng cao,
-----------
Cả tòa nhà được thiết kế theo phong cách tân cổ điển.
Căn hộ chuẩn sang vận hành theo tiêu chuẩn Nhật.
Diện tích đa dạng: 45,2m2 - 71,1m2 bố trí 1 - 2PN.
Trang thiết bị bàn giao tiêu chuẩn cao cấp, full 80% nội thất.
Vận hành bởi Taisei Việt Nam.
100% căn hộ thiết kế tinh tế sang trọng, hiện đại phù hợp với mọi gia đình.
Chiết khấu tới 7% giá trị căn hộ.
Tiềm năng cho thuê giá cao (9 tr - 15 triệu/căn/tháng).
Tỷ suất đầu tư lên tới 8 10%/năm.
Thanh toán 95% nhận bàn giao khai thác ngay.
Căn hộ hạng sang vững vàng pháp lý: Sổ hồng lâu dài.","Giá:   1,9 tỷ ",Diện tích:   66 m2,"Địa chỉ tài sản: 76 Đường Trần Hưng Đạo, Phường Hải Cảng, Thành phố Quy Nhơn, Bình Định",Mã tin10240126HướngĐông NamPhòng ănLoại tinCần bánĐường trước nhà---Nhà bếpLoại BDSCăn hộ chung cưPháp lý---Sân thượngChiều ngang---Số lầu40Chổ để xe hơiChiều dài---Số phòng ngủ2Chính chủ---Thuộc dự ánCăn hộ chung cư Altara Residences (xem chi tiết dự án)
Bán lô góc tuyệt đẹp đường Nội bộ hoàng văn thụ phường Ngô mây,"Bán căn nhà cấp 4 lô góc 2 mặt tiền đường nội bộ Hoàng Văn thụ
DT sổ đỏ 45m2 Ngang 4,5m vuông vắn
Hiện trạng nhà cấp 4
Lộ giới đường trước nhà 8m và 6m
Khu vực dân cư đông đúc và thân thiện
Lợi ích gần trường cấp 1 và 2 ngô mây
Chợ k6 vv phù hợp làm ăn kinh doanh
Giá thỏa thuận thiện chí gặp chủ trực tiếp để giao dịch
Mọi thông tin về BĐS Trung tâm thành phố Biển Quy Nhơn
LH Dũng để được tư vấn hỗ trợ
Trân trọng 🤝",Giá:   3 tỷ ,Diện tích:   45 m2,"Địa chỉ tài sản: Đường Hoàng Văn Thụ, Phường Ngô Mây, Thành phố Quy Nhơn, Bình Định","Mã tin11060767Hướng_Phòng ănLoại tinCần bánĐường trước nhà8mNhà bếpLoại BDSNhà mặt tiềnPháp lýSổ hồng/ Sổ đỏSân thượngChiều ngang4,5mSố lầu1Chổ để xe hơiChiều dài10mSố phòng ngủ2Chính chủ---"
Cần chuyển nhượng lại căn góc homestay kinh doanh ổn định,"Cần chuyển nhượng lại căn homtsay
DT sổ đỏ góc 2 mặt tiền 72m2 N5m
Được thiết kế xây dựng Theo tiêu chuẩn
Gồm 5 tầng phong cách mới hiện đại
Gồm 8 phòng ngủ đôi cao cấp 
Toàn bộ Nội thất mới và hàng tiêu chuẩn Nhập khẩu
Bao chọn gói tất cả giấy phép xây dựng
Và giấy phép Kinh Doanh hoàn tất
Vị trí đẹp 2 mặt tiền đường lớn tha hồ sử dụng xe các loại
Đặc biệt tầng trệt đang kinh doanh cf
Giải khát cho thu nhập 20tr/t chưa tính thuê phòng
Lh Dũng xem nhà sớm để được giá tốt nhất
Trân trọng","Giá:   9,87 tỷ ",Diện tích:   70 m2,"Địa chỉ tài sản: Đường Thanh Niên, Phường Quang Trung, Thành phố Quy Nhơn, Bình Định",Mã tin10530816Hướng_Phòng ănLoại tinCần bánĐường trước nhà16mNhà bếpLoại BDSNhà mặt tiềnPháp lýSổ hồng/ Sổ đỏSân thượngChiều ngang5mSố lầu5Chổ để xe hơiChiều dài15mSố phòng ngủ14Chính chủ---
"CẦN BÁN LÔ ĐẤT SỐ 28, ĐƯỜNG D9, SAU LƯNG ĐẠI HỌC QUANG TRUNG, P.NHƠN PHÚ","Em trân trọng mời  500 Anh em MGBĐS chạy giúp em lô đất số 28, đường D9, sau lưng Đai học Quang Trung, P.Nhơn Phú, Tp.Quy nhơn
👉Diện tích 80m2 (4×20m)
👉Đường rộng 14 mét
👉Pháp lý: Đất ở đô thị 100%
❤❤❤Giá bán 1ty670❤❤❤ 
Liên hệ ĐT 0905.797.489  em Nhớ khách thiện chí mua em có thể giảm một chút lưu chủ.","Giá:   1,67 tỷ ",Diện tích:   80 m2,"Địa chỉ tài sản: Đường D9, Phường Nhơn Phú, Thành phố Quy Nhơn, Bình Định","Mã tin10999965Hướng_Phòng ăn---Loại tinCần bánĐường trước nhà---Nhà bếp---Loại BDSĐất thổ cư, đất ởPháp lýSổ hồng/ Sổ đỏSân thượng---Chiều ngang4mSố lầu---Chổ để xe hơi---Chiều dài20mSố phòng ngủ---Chính chủ"
"CHÍNH CHỦ BÁN NHÀ 237/1 HOÀNG VĂN THỤ, TP QUY NHƠN. KHU SẦM UẤT. LH: 0977.274.778","Chính chủ bán căn nhà 237/1 Hoàng Văn Thụ, Tp Qui Nhơn 
DT 4.5mx10m,3 mê, tổng DT sàn 135m2. Hướng Đông bắc
Nhà có 3p ngủ, 1p thờ, 1p khách, 1p bếp, 3toilet.
Nhà mua vào ở ngay. Để lại nội thất gồm 4 máy điều hòa, 2 tủ quần áo, giường, bộ ghế sopha.
Khu sầm uất, an ninh đường thoáng mát ô tô vào tận nhà. 
Giá 4 tỷ 250tr 
Liên hệ 0977.274.778 A Nghĩa","Giá:   4,25 tỷ ",Diện tích:   135 m2,"Địa chỉ tài sản: Đường Hoàng Văn Thụ, Thành phố Quy Nhơn, Bình Định","Mã tin10818981Hướng_Phòng ăn---Loại tinCần bánĐường trước nhà---Nhà bếp---Loại BDSNhà mặt tiềnPháp lýSổ hồng/ Sổ đỏSân thượng---Chiều ngang4,5mSố lầu3Chổ để xe hơi---Chiều dài10mSố phòng ngủ3Chính chủ"
"BÁN LÔ ĐẤT KV5, PHƯỜNG NHƠN PHÚ, TP QUY NHƠN, BÌNH ĐỊNH","Các em trẻ tài chính chưa nhiều, hãy nhanh tay mua lô đất này nhé.
Rẻ, sạch, giá hợp lý (Bên Cạnh trường cấp 2 Nhơn phú)
Đường rộng 4 mét
Pháp lý sổ hồng  đất ở đô thị 100%
Diện tích 45 mét vuômg .👉👉cách 684 Hùng vương( Trường cao đẳng Bình Định) 166 mét.
SĐT 0905.797.489
Giá 960 triệu❤❤❤
Nếu tài chích thiếu vào trăm Chị Nhớ sẽ giới thiệu ngân hàng cho Các em vay nhé. Hãy nhanh tay chớp lấy cơ hội này nha các em.",Giá:   960 triệu ,Diện tích:   45 m2,"Địa chỉ tài sản: Phường Nhơn Phú, Thành phố Quy Nhơn, Bình Định","Mã tin10911789Hướng_Phòng ăn---Loại tinCần bánĐường trước nhà---Nhà bếp---Loại BDSĐất thổ cư, đất ởPháp lý---Sân thượng---Chiều ngang---Số lầu---Chổ để xe hơi---Chiều dài---Số phòng ngủ---Chính chủ---"
"CHÍNH CHỦ CẦN BÁN LÔ ĐẤT TẠI TỔ 9, KV2, PHƯỜNG GHỀNH RÁNG, TP QUY NHƠN, BÌNH ĐỊNH","Chính chủ cần bán lô đất tại Tổ 9, Khu Vực 2 , Phường Ghềnh Ráng, Thành Phố Quy Nhơn ( Quy Hòa ), Bình Định.
Hiện có nhà cấp 4 . Diện tích 110 m2
Diện tích sổ đỏ: 340.1 m2.
Diện tích sử dụng : 400 m2.
Cách Quốc lộ 1D 400m.
Ô tô đến tận nơi.
Sổ đỏ chính chủ.
Giá: 3.5 tỷ
AI CÓ THIỆN CHÍ LIÊN HỆ: 0987.010.718  CHÍNH CHỦ.","Giá:   3,5 tỷ ",Diện tích:   340 m2,"Địa chỉ tài sản: Tổ 9, Khu Vực 2 , Phường Ghềnh Ráng, Thành phố Quy Nhơn, Bình Định","Mã tin10361200Hướng_Phòng ăn---Loại tinCần bánĐường trước nhà---Nhà bếp---Loại BDSĐất thổ cư, đất ởPháp lý---Sân thượng---Chiều ngang---Số lầu---Chổ để xe hơi---Chiều dài---Số phòng ngủ---Chính chủ---"
"Chính chủ cần bán 2 lô đất Thị Trấn Ngô Mây, huyện Phù Cát","  Chính chủ cần bán 2 lô đất Thị Trấn Ngô Mây, huyện Phù Cát

+ Lô 1: lô đất gần trụ sở khu an khương Thị Trấn Ngô mây, Phù Cát, Bình Định
- Hướng đông. Cách quốc lộ 50m
-  Diện tích  : 5*20.Trước mặt có kênh suối thó nên quanh năm mát mẻ, không gian thoáng đãng, không khí trong lành
+ Lô 2: Số nhà 40, đường Lê Thánh Tông.Hướng Bắc Diện tích: 5*20m. Gần tiệm karaoke Lan Anh
- Thích hợp khách hàng mua đầu tư, kinh doanh hoặc xây ở
- Pháp lý rõ ràng, đầy đủ, sang tên trong ngày
- Giá : thỏa thuận
 Thông tin liên hệ sdt: 0974.441.646 để chốt giá

",Giá:   Thỏa thuận,Diện tích:   100 m2,"Địa chỉ tài sản: Thị trấn Ngô Mây, Huyện Phù Cát, Bình Định","Mã tin9900417Hướng_Phòng ăn---Loại tinCần bánĐường trước nhà---Nhà bếp---Loại BDSĐất thổ cư, đất ởPháp lýSổ hồng/ Sổ đỏSân thượng---Chiều ngang5mSố lầu---Chổ để xe hơi---Chiều dài20mSố phòng ngủ---Chính chủ---"
"🌹🌹🌹    BÁN NHÀ HẺM 808/ Trần Hưng Đạo NHÀ MÊ LỠ ,HẺM CẠN  P. ĐỐNG ĐA","🌹🌹🌹    BÁN NHÀ HẺM 808/ Trần Hưng Đạo NHÀ MÊ LỠ ,HẺM CẠN  P. ĐỐNG ĐA

♻Kết cấu : Nhà mê lỡ , thiết kế hiện đại, sang trọng đầy đủ công năng, mua về ở ngay: 1pk, 1pt, 2 pn, 1 pb, sân phơi...

( có pn tầng trệt ) Hẻm 2.5m 

♻️ Diện tích : 48m2 🌼🌼🌼

♻Hướng: Đông Bắc

💴 Giá:1tỷ 790 trieu lưu chủ 
💥 Liên hệ Tú để xem đất","Giá:   1,79 tỷ ",Diện tích:   48 m2,"Địa chỉ tài sản: Đường Trần Hưng Đạo, Phường Đống Đa, Thành phố Quy Nhơn, Bình Định","Mã tin11059576HướngĐông BắcPhòng ăn---Loại tinCần bánĐường trước nhà2,5mNhà bếp---Loại BDSNhà trong hẻmPháp lýSổ hồng/ Sổ đỏSân thượng---Chiều ngang4,5mSố lầu---Chổ để xe hơi---Chiều dài10mSố phòng ngủ3Chính chủ---"
💥 Bán 2 lô khu nhà văn hoá Cát Khánh - Phù Cát,"💥 Bán 2 lô khu nhà văn hoá Cát Khánh - Phù Cát
- Diện tích 150m2 
- Ngang 6m
- Lô 1058 và lô 1075
- Lô trục 14m giá 1 tỷ 2
- Lô trục 22m giá 1 tỷ 350
💥 Liên hệ Tú để xem đất và chốt cọc
💥 Đề gi - Cát Khánh đang nổi lên là bất động sản ven biển nóng nhất tỉnh Bình Định , khu đô thị cát khánh được thiên nhiên ưu đãi về mọi mặt , gần biển , vịnh , mũi rồng cực đẹp , hiện đang thi công cây cầu bắt qua Phù Mỹ sắp hoàn thành , hạ tầng đã hoàn thiện đầy đủ , một trong những nơi đáng được đầu tư trong và ngoài tỉnh quan tâm","Giá:   1,2 tỷ ",Diện tích:   150 m2,"Địa chỉ tài sản: Xã Cát Khánh, Huyện Phù Cát, Bình Định","Mã tin11046915Hướng_Phòng ăn---Loại tinCần bánĐường trước nhà22mNhà bếp---Loại BDSĐất thổ cư, đất ởPháp lýSổ hồng/ Sổ đỏSân thượng---Chiều ngang6mSố lầu---Chổ để xe hơi---Chiều dài25mSố phòng ngủ---Chính chủ---"
Mở Bán 3 lô đất TDC Chánh Oai Xã Cát Hải - Phù Cát,"💥  Mở Bán 3 lô đất TDC Chánh Oai Xã Cát Hải 
Vị trí : Chánh Oai Cát Hải(cách biển 400m, cách Ql 639 150m.,về trung. tâm xã 3km,cầu đề gi 12km...
Đầu tư dài hạn sinh lời cao..
Đường rộng : 8m ,Ôto tới nơi ,betong,sắp trải nhựa...
1.lô 230m2,ngang 7.4 ,hướng ĐN giá 1ty 55 có tl
2.Lô 190m2,ngang 8m,hướng Bắc giá 1t350 
3. Lô 150m2 ngang 6.5m, Hướng Đông, giá 1ty2 tl","Giá:   1,2 tỷ ",Diện tích:   150 m2,"Địa chỉ tài sản: Xã Cát Hải, Huyện Phù Cát, Bình Định","Mã tin11046928HướngĐông NamPhòng ăn---Loại tinCần bánĐường trước nhà4mNhà bếp---Loại BDSĐất thổ cư, đất ởPháp lýSổ hồng/ Sổ đỏSân thượng---Chiều ngang6,5mSố lầu---Chổ để xe hơi---Chiều dài23mSố phòng ngủ---Chính chủ---"
"Chủ cần tiền Gấp bán NHANH nhà mt Nguyễn Văn Cẩn, P.Trần Quang Diệu","Chủ cần tiền Gấp nên bán Nhanh Nhà mặt tiền Nguyễn Văn Cẩn, P.Trần Quang Diệu, gần Cafe Mộc, 
+Nhà 2 tầng: 3pn 2wc, 1pk 1pt 1sp
+DT: 86m2 DTSD: 146m2 hướng Bắc - giá 2ty xxx
Khách cần liên hệ e xem nhà thương lượng chốt nhanh ạ:","Giá:   2,1 tỷ ",Diện tích:   86 m2,"Địa chỉ tài sản: Phường Trần Quang Diệu, Thành phố Quy Nhơn, Bình Định","Mã tin10747810HướngBắcPhòng ăn---Loại tinCần bánĐường trước nhà11mNhà bếp---Loại BDSNhà mặt tiềnPháp lýSổ hồng/ Sổ đỏSân thượng---Chiều ngang4,5mSố lầu1Chổ để xe hơi---Chiều dài19mSố phòng ngủ3Chính chủ---"
"Đất nền phố biển Quy Nhơn chỉ từ 5.4 tỷ/nền, nhận nền sau 16 tháng","Tập Đoàn Hưng Thịnh mở bán đất nền tại thành phố biển Quy Nhơn
Vị trí: mặt tiền Chế Lan Viên, P. Ghềnh Ráng, TP Quy Nhon.
Liền kề bến xe Quy Nhơn, siêu thị Big C, khu du lịch Ghềnh Ráng - Tiên Sa, ....
Được quy hoạch đồng bộ với đa dạng tiện ích phục vụ cư dân
- Hồ điều hòa trung tâm dự án
- Công viên trung tâm
- Khu vui chơi thiếu nhi
- Khu thể dục thể thao ngoài trời
- Khu ăn uống, BBQ
Thông tin dự án
- Quy mô 8.3ha
- Loại hình: nhà phố và biệt thự xây sẵn; đất nền
Diện tích đất nền:
Giá bán chỉ từ 5.4 tỷ/nền
Nhận nền sau 16 tháng, xây dựng ngay
Hỗ trợ vay NH đến 100% giá trị nền đất (liên hệ để biết thêm chi tiết)
Ưu đãi từ CĐT
- Tặng gói nội thất 200tr cho 30 căn ký hợp đồng trước 30/07/2022
- Chiết khấu từ 4%-5%
- Tặng 1 chỉ vàng SJC cho KH hoàn tất hợp đồng sớm trong 3 ngày
- Tiến độ thanh toán nhẹ nhàng ký HĐ chỉ 20%, các đợt tiếp theo 6%/1,5 tháng
Mọi chi tiết vui lòng liên hệ PKD dự án
Hotline: .... bên dưới
Xin cảm ơn quí khách đã đọc tin","Giá:   5,4 tỷ ",Diện tích:   75 m2,"Địa chỉ tài sản: Đường Chế Lan Viên, Phường Ghềnh Ráng, Thành phố Quy Nhơn, Bình Định","Mã tin11042731Hướng_Phòng ăn---Loại tinCần bánĐường trước nhà6mNhà bếp---Loại BDSĐất nền, liền kề, đất dự ánPháp lý---Sân thượng---Chiều ngang---Số lầu---Chổ để xe hơi---Chiều dài---Số phòng ngủ---Chính chủ---Thuộc dự ánKhu dân cư Richmond Quy Nhơn - La Residence (xem chi tiết dự án)"
CADIA QUY NHƠN_CONDOTEL NGHĨ DƯƠNG CAO CẤP 2022,None,"Giá:   3,5 tỷ ",Diện tích:   35 m2,"Địa chỉ tài sản: 1 Đường Ngô Mây, Phường Ngô Mây, Thành phố Quy Nhơn, Bình Định",Mã tin11048914HướngĐôngPhòng ănLoại tinCần bánĐường trước nhà22mNhà bếpLoại BDSCăn hộ chung cưPháp lýSổ hồng/ Sổ đỏSân thượngChiều ngang5mSố lầu30Chổ để xe hơiChiều dài7mSố phòng ngủ1Chính chủ---Thuộc dự ánCăn hộ chung cư Cadia Quy Nhơn (xem chi tiết dự án)
Đất nền Quy Nhơn thuộc dự án Richmond Quy Nhơn của Hưng Thịnh trung tâm thành phố,None,"Giá:   5,2 tỷ ",Diện tích:   100 m2,"Địa chỉ tài sản: Đường Chế Lan Viên, Phường Ghềnh Ráng, Thành phố Quy Nhơn, Bình Định","Mã tin10911830Hướng_Phòng ăn---Loại tinCần bánĐường trước nhà13mNhà bếp---Loại BDSĐất nền, liền kề, đất dự ánPháp lýSổ hồng/ Sổ đỏSân thượng---Chiều ngang5mSố lầu4Chổ để xe hơi---Chiều dài20mSố phòng ngủ5Chính chủ---Thuộc dự ánKhu dân cư Richmond Quy Nhơn - La Residence (xem chi tiết dự án)"
"Nhà phố, Bizhouse Merryland Quy Nhơn cam kết mua lại lãi suất 24%",None,Giá:   15 tỷ ,Diện tích:   108 m2,"Địa chỉ tài sản: Đường Xuân Diệu, Xã Nhơn Hải, Thành phố Quy Nhơn, Bình Định","Mã tin9833556HướngĐôngPhòng ăn---Loại tinCần bánĐường trước nhà20mNhà bếp---Loại BDSBiệt thự, nhà liền kềPháp lýSổ hồng/ Sổ đỏSân thượng---Chiều ngang6mSố lầu4Chổ để xe hơi---Chiều dài18mSố phòng ngủ5Chính chủ---"
Nhà phố thương mại mặt tiền đường Chế Lan Viên phương Ghềnh Ráng TP Quy Nhơn,None,"Giá:   6,2 tỷ ",Diện tích:   81 m2,"Địa chỉ tài sản: 1 Đường Chế Lan Viên, Phường Ghềnh Ráng, Thành phố Quy Nhơn, Bình Định","Mã tin9504580Hướng_Phòng ănLoại tinCần bánĐường trước nhà20mNhà bếpLoại BDSBiệt thự, nhà liền kềPháp lý---Sân thượngChiều ngang4,5mSố lầu4Chổ để xe hơiChiều dài18mSố phòng ngủ5Chính chủ---Thuộc dự ánKhu dân cư Richmond Quy Nhơn - La Residence (xem chi tiết dự án)"
Mình cân bán gấp nền Kỳ Co Gateway Nhơn Hôi New City pk9 vị trí đẹp giá tốt nhất khu vực,"Em chính chủ cặp nền liền kề hướng Đông Nam mát mẻ . 
CAM KẾT THÔNG TIN CHÍNH CHỦ THẬT , KHÔNG ẢO . 
Dự án Nhơn Hội New City phân khu 9 thuộc phân khu Kỳ Co Gateway 
- Diện tích 1 nền : 80m2 
- Diện tích tổng 2 nền : 160m2
- Nền nhà em nền vị trí đẹp , gần mặt tiền đường , trục đường Nhơn Lý .
- Phù hợp xây khách sạn , làm nhà hàng , làm homestay , quán ăn địa phương . 
- Ưu thế nền của nhà em : đối lưng với trục Shophouse đường Nhơn Lý , trục shophouse này bắt buộc xây dựng , nên sau khi được xây dựng lên sẽ hoạt động sớm , có nghĩa khu liền kề nhà em không bắt buộc xây dựng sẽ được hưởng lợi thế  là khu xung quang đông đúc hoạt động kinh doanh sớm hơn các khu khác . 
- Tình trạng hiện tại : Đã có sổ đỏ từng nền . 
- Anh Chị nào quan tâm thiện chí liên hệ em nhé ! Em ten  Vy","Giá:   24,5 triệu / m2  ",Diện tích:   160 m2,"Địa chỉ tài sản: Quốc Lộ 19B, Xã Nhơn Hội, Thành phố Quy Nhơn, Bình Định","Mã tin10967133HướngĐông NamPhòng ăn---Loại tinCần bánĐường trước nhà16mNhà bếp---Loại BDSĐất nền, liền kề, đất dự ánPháp lýSổ hồng/ Sổ đỏSân thượng---Chiều ngang---Số lầu---Chổ để xe hơi---Chiều dài---Số phòng ngủ---Chính chủ---Thuộc dự ánKhu đô thị mới Nhơn Hội New City (xem chi tiết dự án)"
Bán đất nền ven biển - Hạ tầng hoàn thiện - sổ đỏ riêng từng nềnSĐT:,"Đất nền ven biển Quy Nhơn.
- Diện tích: 80m2 - 126m2.
- Giá: Từ 40 triệu/m2.
- Ngân hàng hỗ trợ vay 65% (ân hạn gốc lãi trong 18 tháng và miễn phí trả nợ trước hạn).
- Pháp lý đầy đủ, đã có sổ.
- Vị trí đẹp.
Ngay tuyến đường huyết mạch Quốc Lộ 19B, khu kinh tế Nhơn Hội, TP Quy Nhơn, Tỉnh Bình Định.
Cạnh Kỳ Co - Eo Gió, liền kề khu nghỉ dưỡng FLC, Merry Land và sân golf 36 lỗ đẳng cấp Đông Nam Á.

Liên hệ em ngay:997 533 Ms Hiền.",Giá:   41 triệu ,Diện tích:   80 m2,"Địa chỉ tài sản: Quốc Lộ 19B, Phường Nhơn Lý, Thành phố Quy Nhơn, Bình Định","Mã tin11056812Hướng_Phòng ăn---Loại tinCần bánĐường trước nhà1mNhà bếp---Loại BDSĐất thổ cư, đất ởPháp lýSổ hồng/ Sổ đỏSân thượng---Chiều ngang5mSố lầu---Chổ để xe hơi---Chiều dài16mSố phòng ngủ---Chính chủ---"
Đất nền mặt tiền quốc lộ 1a trung tâm Hoài Nhơn,"Cần bán lô đất khu đô thị Tam Quan
Giáp đường quốc lộ 1A
- Diện tích: 105m2 (5x21)
- Hướng Đông mát mẻ không nắng.
- Nằm cạnh siêu thị Go, showroom ô tô, khách sạn, trung tâm thương mại, quán nhậu, cà phê...
- Đường nhựa lớn, vỉa hè lót đá, có đèn đường, công viên thoáng mát, hồ bơi, sân bóng... 
Giá tốt cho ai có nhu cầu đầu tư hoặc mua ở.","Giá:   1,9 tỷ ",Diện tích:   105 m2,"Địa chỉ tài sản: Đường Quang Trung, Thị trấn Tam Quan, Huyện Hoài Nhơn, Bình Định","Mã tin11055568HướngĐôngPhòng ăn---Loại tinCần bánĐường trước nhà30mNhà bếp---Loại BDSĐất thổ cư, đất ởPháp lýSổ hồng/ Sổ đỏSân thượng---Chiều ngang5mSố lầu---Chổ để xe hơi---Chiều dài21mSố phòng ngủ---Chính chủ---"
Kỳ Co Gateway: SEOUL thu nhỏ giữa lòng thành phố Quy Nhơn,"⚜Lần đầu tiên xuất hiện tại Quy Nhơn, Kỳ Co Gateway - khu đô thị xanh mang phong cách Hàn Quốc hứa hẹn mang lại nhiều trải nghiệm mới mẻ, độc đáo cho cư dân tương lai và du khách. 
⚜Tựa như “một Seoul thu nhỏ” giữa lòng Quy Nhơn, Kỳ Co Gateway là đô thị xanh “đậm phong cách, đủ đặc trưng”, với nhịp sống hiện đại, náo nhiệt của các phố thương mại đầy màu sắc nhưng không quá ồn ào, xô bồ. 
Vị trí: Quốc lộ 19B, ngay cửa ngõ vào khu du lịch Kỳ Co 
Tiện ích đa dạng, đậm phong cách Hàn Quốc: 
- Công viên ánh sáng Everland 
- Phố nhà giàu Pyecheongdon 
- Phố thời trang mỹ phẩm Myeongdong 
- Phố ẩm thực & trình diễn nghệ thuật Hongdea 
- Phố kim hoàn Cheongdamdong 
- Phố văn hóa Itaewon 
- Phố streetfood Singdangdong...... 
Sản phẩm đa dạng: 
- Liền kề 5x16m (80m2)
- Biệt thự 7x18m (126m2) 
Pháp Lý: Hoàn chỉnh, sổ đỏ từng nền. PPTT linh hoạt, chiết khấu lên đến 10% 
- Vốn đầu tư ban đầu chỉ 1,1 tỷ. Ngân hàng hỗ trợ cho vay 65%, ân hạn nợ gốc và lãi đến 18 tháng.
- Tặng sổ tiết kiệm kích thích xây dựng: 
. LK: 100tr
. ODV/BT: 150tr
- Hỗ trợ 100tr cho các sp phải xây.
☎️Hotline: ( Hạnh - CVTV ) 
Tham khảo thêm dự án tại : https://www.nhonhoicityquynhon.com/","Giá:   1,1 tỷ ",Diện tích:   80 m2,"Địa chỉ tài sản: Quốc Lộ 1D, Phường Nhơn Lý, Thành phố Quy Nhơn, Bình Định","Mã tin11054424Hướng_Phòng ăn---Loại tinCần bánĐường trước nhà11mNhà bếp---Loại BDSĐất nền, liền kề, đất dự ánPháp lýSổ hồng/ Sổ đỏSân thượng---Chiều ngang5mSố lầu---Chổ để xe hơi---Chiều dài16mSố phòng ngủ---Chính chủ---Thuộc dự ánKhu đô thị mới Kỳ Co Gateway (Phân khu số 9) (xem chi tiết dự án)"
"CALLA APARTMENT - Thiết kế căn hộ thông minh, Đa dạng diện tích - giá chỉ từ 120tr","Vị trí tòa nhà: Khu đô thị xanh Vũng Chua - Phường Ghềnh Ráng - TP Quy Nhơn - Liền kề big C và siêu thị Mega.
Chủ đầu tư: Công ty cổ phần đầu tư phát triển Armo.
Các chỉ tiêu quy hoạch kiến trúc:
- Quy mô: 29 tầng nổi + 01 tầng hầm.
- Tổng số căn hộ 454 căn hộ và 13 căn shop house.
- Chức năng các tầng:
Tầng hầm: Bố trí chỗ để xe và các hạng mục phụ trợ.
- Tầng 1: shophouse.
- Tầng 2: Bố trí chỗ để xe và các hạng mục phụ trợ.
- Tầng 3: Bố trí căn hộ, phòng sinh hoạt cộng đồng, phòng tập thể hình...
- Tầng 4: Bố trí căn hộ, hồ bơi, sân chơi trẻ em...
- Tầng 5: đến tầng 29: Bố trí căn hộ.
Đa dạng diện tích và loại hình căn hộ:
- Căn 1PN: 41,3m2.
- Căn 2PN: từ 48,2 - 71,2m2.
- Căn 3PN: từ 81,4 - 115,3m2.
Sở hữu căn hộ Sân Vườn mặt tiền Tây Sơn - TP Quy Nhơn.
PTTT linh hoạt chiết khấu lên đến 6%.
Ngân hàng hỗ trợ 80% ân hạn lãi suất 0% cho đến lúc nhận nhà.
Vị trí đắc địa - mặt tiền Tây Sơn. Liền kề BigC (GO GO), Mega Market, cách bến xe Quy Nhơn 4p đi bộ.
Đặc biệt nằm ngay tuyến đường huyết mạch TP. Quy Nhơn.
Dự án cạnh khu dân cư đông đúc & đồng bộ.
Tiếp giáp với nhiều tuyến đường trọng điểm trong khu vực.
Cách biển Quy Nhơn chỉ 5p di chuyển.
-----------------
Tiện ích ngoại khu đầy đủ và hiện hữu.
Tiện ích nội khu hoàn hảo:
Shophouse, trung tâm thương mại.
Công Viên Xanh, hồ bơi, khu vui chơi giải trí.
Khu compound đầu tiên duy nhất tại Quy Nhơn... Với an ninh 24/24.
HOTLINE:(Hạnh - CVTV)
Tham khảo thêm dự án tại: https://ezreal.vn/du-an/calla-apartment-quy-nhon/",Giá:   120 triệu ,Diện tích:   41 m2,"Địa chỉ tài sản: Quốc Lộ 1D, Phường Ghềnh Ráng, Thành phố Quy Nhơn, Bình Định",Mã tin11054348Hướng_Phòng ăn---Loại tinCần bánĐường trước nhà---Nhà bếp---Loại BDSCăn hộ chung cưPháp lýSổ hồng/ Sổ đỏSân thượng---Chiều ngang---Số lầu29Chổ để xe hơi---Chiều dài---Số phòng ngủ1Chính chủ---Thuộc dự ánCăn hộ chung cư Calla Apartment Quy Nhơn (xem chi tiết dự án)
Kẹt tiền cần ra gấp lô đất dt 6x25 khu bến xe Ngqĩ An - Cát Khánh,"Cần ra gấp lô đất vị trí đẹp khu ngãi an.

Đối diện bến xe. Gần đồn công an. Công viên. Liền kề khu sắp đấu giá.

DT: 6x25=150m2 giá 1250 hỗ trợ vay bank nếu khách cần

Đường trước đất 15m vĩa hè 3m

Vuông vức bao không cống trụ.","Giá:   1,25 tỷ ",Diện tích:   150 m2,"Địa chỉ tài sản: Đường Tỉnh lộ 639, Xã Cát Khánh, Huyện Phù Cát, Bình Định","Mã tin11054178HướngNamPhòng ăn---Loại tinCần bánĐường trước nhà15mNhà bếp---Loại BDSĐất thổ cư, đất ởPháp lýSổ hồng/ Sổ đỏSân thượng---Chiều ngang6mSố lầu---Chổ để xe hơi---Chiều dài25mSố phòng ngủ---Chính chủ---"
"Bán đất nền nhơn hội, QUY NHƠN pháp lý rõ ràng, mua bán trực tiếp từ chủ đầu tư.","TỔNG QUAN DỰ ÁN
Nhơn Hội New City có quy mô lên đến 116.23ha là một “mảnh ghép” quan trọng góp phần thay đổi diện mạo Khu Kinh tế Nhơn Hội – Quy Nhơn. Dự án có giá trị gia tăng bền vững với các sản phẩm đất nền, nhà phố ven biển có sổ đỏ lâu dài.
Tên dự án: Nhơn Hội New City
Vị trí: Mặt tiền Quốc lộ 19B, Khu kinh tế Nhơn Hội, TP. Quy Nhơn, tỉnh Bình Định
Chủ đầu tư: Công Ty CP Phát Triển Bất Động Sản Phát Đạt
Đơn vị phát triển: Danh Khôi Holdings
Bao gồm 3 phân khu:
Phân khu 4 (Takashi Ocean Suite): 34.16 Ha
Phân khu 2: 36.1 Ha
Phân khu 9 (Kỳ Co Gateway): 45,9 Ha
Các loại hình:
Đất liền kề: Diện tích: 5x16m
Đất liền kề thương mại: Diện tích: 7x18m
Hỗn hợp chung cư: 40 tầng
Lộ giới Thấp nhất: 11m (Lề đường: 2.5m, lòng đường: 6m)
Lộ giới Cao nhất: 50m (Lề đường: 9m, lòng đường: 32m)
Tiện ích: Trường mầm non, trường tiểu học, trường THCS, trung tâm y tế, quảng trường biển, khu công viên….
Pháp lý: Hoàn chỉnh, quy hoạch 1/500, sổ đỏ từng nền.","Giá:   1,9 tỷ ",Diện tích:   80 m2,"Địa chỉ tài sản: Quốc Lộ 19B, Phường Nhơn Lý, Thành phố Quy Nhơn, Bình Định","Mã tin11052578Hướng_Phòng ăn---Loại tinCần bánĐường trước nhà10mNhà bếp---Loại BDSBiệt thự, nhà liền kềPháp lýSổ hồng/ Sổ đỏSân thượng---Chiều ngang5mSố lầu---Chổ để xe hơiChiều dài16mSố phòng ngủ---Chính chủ---Thuộc dự ánKhu đô thị mới Kỳ Co Gateway (Phân khu số 9) (xem chi tiết dự án)"
Bán 6 hecta trang trại trên núi Vũng Chua - Đường bê tông xe tải tới đất,"Do cần tiền nên cần bán gấp 6 hecta đất rẫy, đất có giấy tờ rõ ráng từ QL 1D chạy lên 500m là tới đất, trên đất có trông cây ăn quả có nhà tạm cấp 4 và đã kéo điện nước sử dụng bình thường nhìn được bao quát thành phố quy nhơn, gần đó có quy hoạch khu du lịch nghỉ dưỡng sau này thuận tiện xây homestay, do cần tiền nên để lại giá 950tr/ hecta. Ai quan tâm liên hệ",Giá:   950 triệu ,Diện tích:   66.000 m2,"Địa chỉ tài sản: Quốc Lộ 1D, Phường Ghềnh Ráng, Thành phố Quy Nhơn, Bình Định","Mã tin10540006HướngĐôngPhòng ăn---Loại tinCần bánĐường trước nhà6mNhà bếp---Loại BDSĐất thổ cư, đất ởPháp lýGiấy tờ hợp lệSân thượng---Chiều ngang236mSố lầu---Chổ để xe hơi---Chiều dài279mSố phòng ngủ---Chính chủ---"
Cẩn bán lô đất ở cẩm văn phường nhơn hưng thị xã an nhơn,"Mở bán lô đất khu E Cẩm Văn- Nhơn Hưng.
Xung quanh dân cư đông đúc , gần trung tâm thị xã an nhơn .... thich hợp xây ở hoặc dành cho các nhà đầu tư
Đối diện là wieu sông thoáng mát 
  Dt: 108m2 ngang 5m, lộ giới 14m. 
  Sổ đỏ Đất ở đô thị. 
  Giá 820tr
Lh: ms tâm",Giá:   820 triệu ,Diện tích:   108 m2,"Địa chỉ tài sản: Không có tên Phường Nhơn Hưng, Thị xã An Nhơn, Bình Định","Mã tin10955126HướngTâyPhòng ăn---Loại tinCần bánĐường trước nhà14mNhà bếp---Loại BDSĐất thổ cư, đất ởPháp lýSổ hồng/ Sổ đỏSân thượng---Chiều ngang5mSố lầu---Chổ để xe hơi---Chiều dài21mSố phòng ngủ---Chính chủ---"
BÁN NHÀ ĐƯỜNG 31/3 NGAY AN PHÚ THỊNH CHỢ LỚN. DT. 140m NGANG 6.6m. Giá bán. 15 tỷ,"BÁN NHÀ. VỊ TRÍ ĐƯỜNG 31/3, PHƯỜNG LÊ LỢI NGAY TTTM AN PHÚ THỊNH CHỢ LỚN QUY NHƠN THUẬN LỢI KINH DOANH MUA BÁN. GẦN BIỂN, NGÂN HÀNG , TRƯỜNG HỌC.
DIỆN TÍCH. 14Om mặt tiền rộng 6,6m x 21.5
Hướng tây bắc
Sổ Hồng chính chủ
Giá bán. 15 tỷ",Giá:   15 tỷ ,Diện tích:   140 m2,"Địa chỉ tài sản: 6789 Đường 1 tháng 3, Phường Lê Lợi, Thành phố Quy Nhơn, Bình Định","Mã tin10757201HướngTây BắcPhòng ănLoại tinCần bánĐường trước nhà20mNhà bếpLoại BDSNhà mặt tiềnPháp lýSổ hồng/ Sổ đỏSân thượngChiều ngang6,6mSố lầu2Chổ để xe hơiChiều dài21mSố phòng ngủ3Chính chủ---"
CHÍNH CHỦ CẦN BÁN NHÀ 3 MẶT TIỀN ĐƯỜNG  TỐ HỮU-QUY NHƠN- BÌNH ĐỊNH,"-  Dt sử dụng 144m2- Ngang 6 m.
- Kết cấu : 2 Phòng ngủ-1phòng khách bếp- 2 mê -3 tolet
- Mặt tiền sau view sông - đường Hoàng Cầm.
- Mặt bên hông đường nội bộ 4m
- Thuận tiện kinh doanh...
- Dân cư hiện hữu.
- Giao thông thuận tiện đi lại , an ninh tốt.
- Sổ đỏ chính chủ.
Liên hệ chính chủ ( Hùng)","Giá:   4,4 tỷ ",Diện tích:   144 m2,"Địa chỉ tài sản: Đường Tố Hữu, Phường Đống Đa, Thành phố Quy Nhơn, Bình Định",Mã tin10007926Hướng_Phòng ănLoại tinCần bánĐường trước nhà16mNhà bếpLoại BDSNhà mặt tiềnPháp lýSổ hồng/ Sổ đỏSân thượngChiều ngang6mSố lầu2Chổ để xe hơi---Chiều dài11mSố phòng ngủ2Chính chủ---
Bán lô đất khu dân cư núi mồ côi giá cực rẻ,"Bán lô đất khu dân cư núi mồ côi, giá cực mềm, Nhơn phú Quy nhơn
Diện tích: 64 m2 ngang 4m
Hướng tây bắc
Lộ giới 20 m
Hiện trạng đất trống đẹp, ko trụ điện, ko cống, ko đâm xà
Giá 1 tỷ 750 chốt
Phù hợp mua để ở, đầu tư lâu dài, làm tài sản tích luỹ
Hân hạnh phục vụ Quý khách 24/7","Giá:   1,75 tỷ ",Diện tích:   64 m2,"Địa chỉ tài sản: Đường Tây Sơn, Phường Nhơn Phú, Thành phố Quy Nhơn, Bình Định","Mã tin10138179Hướng_Phòng ăn---Loại tinCần bánĐường trước nhà20mNhà bếp---Loại BDSĐất thổ cư, đất ởPháp lý---Sân thượng---Chiều ngang---Số lầu---Chổ để xe hơi---Chiều dài---Số phòng ngủ---Chính chủ---"
Bán nhà đường Võ Phước-Ghường Ghềnh Ráng-Quy Nhơn-Bình Định,"Cần bán căn nhà đường Võ Phước- Ghềnh Ráng.
Nhà gần chợ, cách chợ khoảng một trăm mét, gần biển, gần khu du lịch Ghềnh Ráng, gàn trường học, tiện ích xung quanh đầy đủ.
Hướng Đông Nam, khu dân cư ổn định.
Đường trước nhà rộng mười hai mét. Nhà 3 mê, diện tích sàn (một trăm hai mươi mét).","Giá:   3,37 tỷ ",Diện tích:   40 m2,"Địa chỉ tài sản: Đường Võ Phước, Phường Ghềnh Ráng, Thành phố Quy Nhơn, Bình Định",Mã tin10791591Hướng_Phòng ănLoại tinCần bánĐường trước nhà12mNhà bếpLoại BDSNhà mặt tiềnPháp lýSổ hồng/ Sổ đỏSân thượngChiều ngang4mSố lầu3Chổ để xe hơi---Chiều dài10mSố phòng ngủ3Chính chủ---Thuộc dự ánKhu đô thị mới An Phú Thịnh (xem chi tiết dự án)
"Đất nền biển Nhơn Hội, cạnh KDL Eo Gió - Kỳ Co, thanh toán đợt 1 chỉ 5%, bank hỗ trợ 65%","🔥🔥Đất nền sổ đỏ, cạnh KDL Eo Gió - Kỳ Co (Quy Nhơn)

💯 Gần biển - Gần Resort 5* - đường lớn trên 27m - gần khu trung tâm du lịch - dễ phát triển 
⚜️ Dự án được quy hoạch hoàn chỉnh phục vụ 𝐃𝐮 𝐋𝐢̣𝐜𝐡 - 𝐍𝐠𝐡𝐢̉ 𝐃𝐮̛𝐨̛̃𝐧𝐠 - 𝐒𝐞𝐜𝐨𝐧𝐝 𝐇𝐨𝐦𝐞 với nhiều tiện ích nổi trội.
👉 Thích hợp cho việc an cư và đầu tư hợp lý, có thể khai thác dịch vụ như tạp hóa, quán ăn, nhà hàng, nhà nghỉ, homestay, hotel, ..v.v. rất nhiều ý tưởng để khai thác cho những mảnh ĐẤT VÀNG - ven biển như thế này ạ!

🔰 Loại hình đầu tư:
+ Nền Liên Kế: 80m2, giá từ 3.2 - 3.3 tỷ
+ Nền shophouse: 126m2, Giá từ 5.5 - 6 tỷ
🔰 Chương trình thanh toán:
1. Thanh toán theo tiến độ trong vòng 18 tháng.
2. Bank hỗ trợ tối đa 65% với lãi suất ưu đãi 0%/18 tháng. Đợt 1 chỉ 5%.

💥Booking giữ chỗ nhận ngay 2 chỉ vàng/giao dịch
⚡Tặng sổ tiết kiệm/ kích thích xây dựng: 
+ LK: 100 triệu đồng/ 1 sản phẩm 
+ ODV/BT: 150 triệu/ 1 sản phẩm
-------------------------------------
Liên hệ ngay để được hỗ trợ thông tin trực tiếp từ Chủ Đầu Tư","Giá:   3,2 tỷ ",Diện tích:   80 m2,"Địa chỉ tài sản: Quốc Lộ 19B, Phường Nhơn Lý, Thành phố Quy Nhơn, Bình Định","Mã tin10836568Hướng_Phòng ăn---Loại tinCần bánĐường trước nhà12mNhà bếp---Loại BDSĐất thổ cư, đất ởPháp lý---Sân thượng---Chiều ngang5mSố lầu---Chổ để xe hơi---Chiều dài16mSố phòng ngủ---Chính chủ---"
GIỎ HÀNG 200 LÔ ĐẤT NỀN NGHỈ DƯỠNG VEN BIỂN QUY NHƠN – HỖ TRỢ VAY VỐN LÊN ĐẾN 70%,"- Vị trí đắc địa: Nằm trên QL19B, 1 bên giáp Thủ phủ Resort Quy Nhơn - khu du lịch sinh thái FLC, sân gofl 36 lỗ đẳng cấp, các điểm du lịch nổi tiếng, đầm Thị Nại,...
- Pháp lý minh bạch: Sổ đỏ từng nền.
- Hạ tầng hoàn thiện: Đầy đủ điện âm, nước ngầm,..
- Tiện ích trọn vẹn: Trường học các cấp, bệnh viện, quảng trường, công viên Everland.
- Kết nối hoàn hảo:
+ Cách biển chỉ 500m.
+ Cách Trung tâm TP. Quy Nhơn chỉ 20 phút.
+ Cách sân bay Phù Cát 20 phút.
- Diện tích: 
+ 80m2 (5x16m) 
+ 126m2 (7x18m) 
Giỏ hàng 200 lô đất liền kề không cam kết xây dựng 
Phân phối từ tập đoàn Danh Khôi
•	Chương trình MỪNG NGÀY GIẢI PHÓNG - NHẬN NGAY ƯU ĐÃI NÓNG 5%. 
•	Chương trình dành cho Khách hàng mua sỉ: 1-4% 
•	Khách hàng khu vực: 1%
•	Tiến độ thanh toán linh hoạt  30%, 70%, 95%
Hỗ trợ vay lên đến 65%, ân hạn gốc và hỗ trợ lãi suất lên đến 24 tháng..

Booking đăng kí suất ưu tiên 50tr/suất ( có hoàn lại ) giữ vị trí đẹp và chiết khấu cao",Giá:   40 triệu / m2  ,Diện tích:   80 m2,"Địa chỉ tài sản: Quốc Lộ 19B, Xã Nhơn Hội, Thành phố Quy Nhơn, Bình Định","Mã tin10479479Hướng_Phòng ăn---Loại tinCần bánĐường trước nhà12mNhà bếp---Loại BDSĐất nền, liền kề, đất dự ánPháp lý---Sân thượng---Chiều ngang---Số lầu---Chổ để xe hơi---Chiều dài---Số phòng ngủ---Chính chủ---"
Mở bán dự án Merryland Quy Nhơn .gần 1000 căn Bizhouse,"Vương Quốc không ngủ
Một kỳ quan giữa miền nhiệt đới  
Một vị trí có một không hai tại Việt Nam
 
𝐇𝐎̂̃ 𝐓𝐑𝐎̛̣ 𝐕𝐔̛̃𝐍𝐆 𝐂𝐇𝐀̆́𝐂 - 𝐊𝐈𝐍𝐇 𝐃𝐎𝐀𝐍𝐇 𝐕𝐔̛̃𝐍𝐆 𝐁𝐄̂̀𝐍 𝐂𝐔̀𝐍𝐆 𝐁𝐈𝐙𝐇𝐎𝐔𝐒𝐄 𝐂𝐀𝐍𝐀𝐋 𝐃𝐈𝐒𝐓𝐑𝐈𝐂𝐓
“Sinh lời liên hoàn 24/7”, “lợi nhuận tăng phi mã"", chính là những cụm từ có thể khẳng định ngay khi nhắc đến Bizhouse Canal District.

Với chính sách ấn tượng và kế hoạch định vị hiếm có từ Chủ đầu tư Tập đoàn Hưng Thịnh, nơi đây sẽ khai phá tiềm năng kinh doanh không giới hạn của mô hình kinh doanh đột phá này.

✨ Kế hoạch khai thác bài bản:
- Mô hình kinh tế đêm X3 quỹ thời gian kinh doanh, liên hoàn 24/7 và 365 ngày/năm.
- 2-4 mặt tiền giúp X2 lợi nhuận trong cùng một sản phẩm

✨ Tiêu chuẩn vận hành chuyên nghiệp: 
- Hưng Thịnh Retail tiên phong kiến tạo không gian trải nghiệm hoàn mỹ, dịch vụ chăm sóc khách hàng chuyên nghiệp, vận hành tối ưu.
- Nền tảng MerryPassport với 7 tính năng nổi trội từ tìm kiếm thông tin đến thanh toán, booking… giúp hành trình trải nghiệm của du khách thuận tiện hơn bao giờ hết, từ đó Bizhouse dễ dàng tiếp cận nguồn khách khổng lồ, vận hành linh hoạt và hiệu quả.

✨ Định vị điểm đến ấn tượng: 
Định vị MerryLand Quy Nhơn là “Điểm đến mới của Châu Á” thông qua các hoạt động quảng bá hình ảnh, kích cầu hoạt động tham quan và lưu trú, tổ chức các sự kiện thu hút khách du lịch bốn phương như Miss World Vietnam 2022, Huyền bí miền kỳ quan,…

Luôn được Chủ đầu tư và địa phương song hành trên con đường kinh doanh, nhà đầu tư Bizhouse chắc chắn sẽ khai thác tối đa nguồn lợi nhuận từ nguồn khách hàng khổng lồ lưu trú và ghé thăm!

Sở hữu ngay Bizhouse Canal District!
——
𝐌𝐄𝐑𝐑𝐘 𝐋𝐀𝐍𝐃 𝐐𝐔𝐘 𝐍𝐇𝐎̛𝐍- 𝐂𝐀𝐍𝐀𝐋 𝐃𝐈𝐒𝐓𝐑𝐈𝐂𝐓
☎️ Vỹ : để được tư vấn kỹ hơn",Giá:   15 tỷ ,Diện tích:   135 m2,"Địa chỉ tài sản: Đường  D10, Xã Nhơn Hải, Thành phố Quy Nhơn, Bình Định","Mã tin10933359HướngĐông NamPhòng ănLoại tinCần bánĐường trước nhà10mNhà bếpLoại BDSShop, kiot, quánPháp lýSổ hồng/ Sổ đỏSân thượngChiều ngang7,5mSố lầu4Chổ để xe hơiChiều dài18mSố phòng ngủ4Chính chủ---"
ĐẤT NỀN DỰ ÁN KỲ CO GATEWAY PK 9 - QUY NHƠN - BÌNH ĐỊNH - ĐẦU TƯ - THĂNG HOA LỢI NHUẬN,None,Giá:   3 tỷ ,Diện tích:   80 m2,"Địa chỉ tài sản: Quốc Lộ 19B, Xã Nhơn Hội, Thành phố Quy Nhơn, Bình Định","Mã tin10740222Hướng_Phòng ănLoại tinCần bánĐường trước nhà10mNhà bếpLoại BDSĐất nền, liền kề, đất dự ánPháp lýSổ hồng/ Sổ đỏSân thượngChiều ngang5mSố lầu---Chổ để xe hơiChiều dài16mSố phòng ngủ---Chính chủ---Thuộc dự ánKhu đô thị mới Kỳ Co Gateway (Phân khu số 9) (xem chi tiết dự án)"
"Căn hộ Grand Center Quy Nhơn 70m2 giá 3.1 tỷ, đóng vượt còn 2.55 tỷ",None,"Giá:   3,1 tỷ ",Diện tích:   70 m2,"Địa chỉ tài sản: Đường Nguyễn Tất Thành, Phường Lý Thường Kiệt, Thành phố Quy Nhơn, Bình Định",Mã tin10902196Hướng_Phòng ănLoại tinCần bánĐường trước nhà40mNhà bếpLoại BDSCăn hộ chung cưPháp lýSổ hồng/ Sổ đỏSân thượngChiều ngang---Số lầu42Chổ để xe hơiChiều dài---Số phòng ngủ2Chính chủ---Thuộc dự ánCăn hộ chung cư Grand Center Quy Nhơn (xem chi tiết dự án)
Bizhouse Canal District tại siêu dự án MerryLand Quy Nhơn Hưng Thịnh cam kết lợi nhuận 24%,None,Giá:   17 tỷ ,Diện tích:   120 m2,"Địa chỉ tài sản: Quốc Lộ 19B, Xã Nhơn Hải, Thành phố Quy Nhơn, Bình Định","Mã tin10898030Hướng_Phòng ănLoại tinCần bánĐường trước nhà12mNhà bếpLoại BDSShop, kiot, quánPháp lýSổ hồng/ Sổ đỏSân thượngChiều ngang6mSố lầu4Chổ để xe hơiChiều dài20mSố phòng ngủ4Chính chủ---Thuộc dự ánKhu dân cư Canal District (xem chi tiết dự án)"
"Shophouse Quy Nhơn Melody Hưng Thịnh, cách biển 150m",None,Giá:   8 tỷ ,Diện tích:   98 m2,"Địa chỉ tài sản: Đường An Dương Vương, Phường Nguyễn Văn Cừ, Thành phố Quy Nhơn, Bình Định","Mã tin9933727Hướng_Phòng ăn---Loại tinCần bánĐường trước nhà30mNhà bếp---Loại BDSShop, kiot, quánPháp lýSổ hồng/ Sổ đỏSân thượngChiều ngang---Số lầu2Chổ để xe hơiChiều dài---Số phòng ngủ---Chính chủ---Thuộc dự ánCăn hộ chung cư Quy Nhơn Melody (xem chi tiết dự án)"
Hưng Thịnh bán đất nền Richmond Quy Nhơn 100 - 200m2. Liên hệ nhận giá 37 nền duy nhất,None,Giá:   6 tỷ ,Diện tích:   100 m2,"Địa chỉ tài sản: Đường Chế Lan Viên, Phường Ghềnh Ráng, Thành phố Quy Nhơn, Bình Định","Mã tin9504751Hướng_Phòng ănLoại tinCần bánĐường trước nhà13mNhà bếpLoại BDSĐất nền, liền kề, đất dự ánPháp lýSổ hồng/ Sổ đỏSân thượngChiều ngang5mSố lầu4Chổ để xe hơiChiều dài20mSố phòng ngủ4Chính chủ---Thuộc dự ánKhu dân cư Richmond Quy Nhơn - La Residence (xem chi tiết dự án)"
"Shophouse Grand Center Quy Nhơn 1 căn cuối cùng, mặt tiền đường Nguyễn Tất Thành","Tập Đoàn Hưng Thịnh mở bán 1 căn Shophouse Grand Center Quy Nhơn cuối cùng - dự án cao cấp ở 4 mặt tiền đường lớn nhất TP. Quy Nhơn.
- Giá chỉ từ 9.43 tỷ/căn.
- Chiết khấu hấp dẫn nhất: 2% + 18%/năm.
- Ký hợp đồng mua bán đóng 25%, còn lại trả góp 3 năm, lãi suất 0%.
- Ngân hàng hỗ trợ vay 70%, lãi suất ưu đãi.
- Sổ hồng sở hữu vĩnh viễn.
- Grand Center Quy Nhơn được xây dựng với mục tiêu trở thành biểu tượng của thành phố Quy Nhơn trong tương lai, bởi vậy chủ đầu tư dành tâm huyết rất lớn, được chăm chút từ thiết kế, xây dựng, cho đến những trang thiết bị hiện đại, đặc biệt đây là dự án có sử dụng hệ thống Smart Home đầu tiên tại Quy Nhơn.
----------------------------
Thông tin dự án Grand Center Quy Nhơn:
- Chủ đầu tư: Tập đoàn Hưng Thịnh.
- Quy mô dự án: 824 căn hộ, 22 căn Shophouse, 1 block office tel.
- Pháp lý: Sổ hồng sở hữu vĩnh viễn.
- Giá căn hộ chỉ từ 1.9 tỷ/căn.
- Giá Shophouse Grand Center Quy Nhơn: Từ 9.43 tỷ/căn.
- Khu căn hộ cao cấp với:
+ 824 căn hộ với gần 2000 cư dân sinh sống.
+ Hơn 100 căn office với gần 1000 nhân viên văn phòng làm việc.
+ Vị trí trung tâm, thuận tiện di chuyển, nhanh chóng thu hút nhiều người đến đây vui chơi giải trí, mua sắm.
- Shophouse Grand Center Quy Nhơn thích hợp kinh doanh mọi lĩnh vực: Mở văn phòng nội thất, bất động sản, nhà hàng, cafe, gym & spa, chi nhánh ngân hàng, cửa hàng tiện lợi, siêu thị mini, nha khoa, trung tâm anh ngữ, trường mầm non,...
----------------------------
Liên hệ PKD Shophouse Grand Center Quy Nhơn để được hỗ trợ lấy căn đẹp và nhận ưu đãi tốt nhất ạ !","Giá:   9,43 tỷ ",Diện tích:   103 m2,"Địa chỉ tài sản: Đường Nguyễn Tất Thành, Phường Lý Thường Kiệt, Thành phố Quy Nhơn, Bình Định","Mã tin6370962Hướng_Phòng ăn---Loại tinCần bánĐường trước nhà40mNhà bếp---Loại BDSShop, kiot, quánPháp lýSổ hồng/ Sổ đỏSân thượng---Chiều ngang---Số lầu2Chổ để xe hơiChiều dài---Số phòng ngủ---Chính chủ---Thuộc dự ánCăn hộ chung cư Grand Center Quy Nhơn (xem chi tiết dự án)"
Merry Land Quy Nhơn siêu dự án tại bán đảo Phương Mai,None,Giá:   15 tỷ ,Diện tích:   108 m2,"Địa chỉ tài sản: Quốc Lộ 19B, Xã Nhơn Hải, Thành phố Quy Nhơn, Bình Định","Mã tin10513930Hướng_Phòng ăn---Loại tinCần bánĐường trước nhà0mNhà bếp---Loại BDSBiệt thự, nhà liền kềPháp lýGiấy tờ hợp lệSân thượng---Chiều ngang6mSố lầu4Chổ để xe hơi---Chiều dài18mSố phòng ngủ---Chính chủ---"
"Cần bán LK19-01,49 LK20-07,08 LK27-09,20 LK28-18 sát biển Nhơn Hội New City PK2","Cần bán nhanh một số lô sát biển Nhơn Hội New City phân khu 2
Vị trí đẹp nhất dự án đầu tư sẽ hiệu quả để đầu tư trung hạng
Dự án Nhơn Hội New City được quy hoạch đồng bộ
Cơ sở hạ tầng được khớp nối hoàn chỉnh
Đòn bảy về du lịch sẽ là tiềm năng tăng giá
Diện tích 80m2
Đường 11m
Sổ đỏ sở hữu lâu dài
Hãy liên hệ để tìm cho mình một sản phẩm Tốt",Giá:   24 triệu / m2  ,Diện tích:   80 m2,"Địa chỉ tài sản: Quốc Lộ 19B, Xã Nhơn Hội, Thành phố Quy Nhơn, Bình Định","Mã tin10113841Hướng_Phòng ăn---Loại tinCần bánĐường trước nhà11mNhà bếp---Loại BDSĐất nền, liền kề, đất dự ánPháp lýSổ hồng/ Sổ đỏSân thượng---Chiều ngang5mSố lầu---Chổ để xe hơi---Chiều dài16mSố phòng ngủ---Chính chủ---Thuộc dự ánKhu đô thị mới Nhơn Hội New City (xem chi tiết dự án)"
"Cần tiền bán gấp lô góc ngã 4 View công viên LK07-01 Nhơn Hội new City, đất biển Quy Nhơn","Đất biển Quy nhơn giá rẻ
Cần tiền bán lô góc LK07-01 Nhơn Hội New City, phân khu 4
Lô góc ngã tue View công viên thoáng mát
Ra biển rất gần, gần trường học
Lk07-01
Diện tích 148m2
Hướng Đông Nam
Giá bán lô so với lãi suất ngân hàng","Giá:   3,3 tỷ ",Diện tích:   148 m2,"Địa chỉ tài sản: Quốc Lộ 19B, Xã Nhơn Hội, Thành phố Quy Nhơn, Bình Định","Mã tin8202673HướngĐông NamPhòng ăn---Loại tinCần bánĐường trước nhà7,5mNhà bếp---Loại BDSĐất nền, liền kề, đất dự ánPháp lýSổ hồng/ Sổ đỏSân thượng---Chiều ngang9mSố lầu---Chổ để xe hơi---Chiều dài16mSố phòng ngủ---Chính chủ---Thuộc dự ánKhu đô thị mới Nhơn Hội New City (xem chi tiết dự án)"
"Chính chủ cần tiền bán gấp đất Nhơn Hội New City, bán giá 1.85 tỷ","Cần tiền giải ngân Banks bán nhanh lô Nhơn Hội New City PK4.
Đất cách biển Nhơn Hội 200m.
Nằm bên khu du lịch nghỉ dưỡng FLC.
Khu thắng cảnh Kỳ Co, Eo Gió, sở thú Safari.
Giá 1.85 tỷ.
Diện tích 80m2.
Đường 11m.
Khách thiện chí sẽ được hỗ trợ chi phí sang nhượng.","Giá:   1,85 tỷ ",Diện tích:   80 m2,"Địa chỉ tài sản: Quốc Lộ 19B, Xã Nhơn Hội, Thành phố Quy Nhơn, Bình Định","Mã tin10766584HướngĐông NamPhòng ăn---Loại tinCần bánĐường trước nhà11mNhà bếp---Loại BDSĐất nền, liền kề, đất dự ánPháp lýSổ hồng/ Sổ đỏSân thượng---Chiều ngang5mSố lầu---Chổ để xe hơi---Chiều dài16mSố phòng ngủ---Chính chủ---"
"Chính chủ cần tiền bán gấp đất Nhơn Hội New City PK2, PK4, PK9 giá 1.8x tỷ","Phận khu 2:
LK27-32 Lô góc gần biển nhất dự án. Hướng biển.
LK27-20 Gần biển nhất dự án. Hướng biển
LK24-02 View công viên ánh sáng.
LK15-xx View công viên ánh sáng, hướng biển.
Lk28-18 View công viên ánh sáng.
LK20-08 Hướng biển.
LK20-77 View công viên trường học. Gần biển
LK20-73 View công viên trường học. Gần biển
LK20-93 lô kề góc.
LK19-01 Gần biển nhất dự án.
LK18-08.
LK18-14.
LK20-31.
LK36-20 View công viên Nhật Bản.

- Phân khu 4:
LK09-05 Sát Takashi
LK07-06 View công viên sát Takashi
LK24 giá 1,85 tỷ.
LK19 giá 1,85 tỷ.
LK17-07 Hướng Đông Nam, thông K2 gần biển
LK17-08 Hướng Đông Nam, thông K2 gần biển
LK17-10 Hướng Đông Nam, thông K2 gần biển
LK17-20 Hướng Đông Nam, thông K2 gần biển
LK17-21 Hướng Đông Nam, thông K2 gần biển
Lk17-28 Kề góc
LK17-29 Lô góc
LK17-17 Đường thông ra khu căn hộ cao tầng.
LK18-25 Đường thông ra khu căn hộ cao tầng, gần quảng trường biển.
LK18-27 Đường thông ra khu căn hộ cao tầng, gần quảng trường biển.
LK18-29 Đường thông ra khu căn hộ cao tầng, gần quảng trường biển.
LK16-42 Kề mảng xanh Hướng Đông Nam, gần biển
LK01-13 Gần quốc lộ.
Odv 04.17 pk4 131m2
Odv 06.23 pk4 192.2 m2
Lk04.21 pk4 80m2
Lk23.23 pk2 83m2
LK03-08.
LK09-04 Gần sát công viên Nhật Bản.
LK09-05 Gần sát công viên Nhật Bản.
- Phân khu 9.
LK48-06
LK46-11 giá 1.85 tỷ.
Lk25-36 giá 1.850 tỷ
Lk38-03 view trục cảnh quang.","Giá:   1,89 tỷ ",Diện tích:   80 m2,"Địa chỉ tài sản: Quốc Lộ 19B, Xã Nhơn Hội, Thành phố Quy Nhơn, Bình Định","Mã tin10608513HướngĐông NamPhòng ăn---Loại tinCần bánĐường trước nhà11mNhà bếp---Loại BDSĐất nền, liền kề, đất dự ánPháp lýSổ hồng/ Sổ đỏSân thượng---Chiều ngang5mSố lầu---Chổ để xe hơi---Chiều dài16mSố phòng ngủ---Chính chủ---"
Bán căn nhà đường Nội Bộ Trần Thị kỷ Phường Ngô mây,"Bán căn nhà 3,5 mê đường nội bộ trần thị kỹ lộ giới đường trước nhà 5m
Dt sổ đỏ 42m ngang 5,3m hướng đông bắc
Khu vực dân cư đông đúc thân thiện
Hiện trạng nhà mới chưa sử dụng
Nhà nằm ngay trung tâm thành phố
Thuận tiện cho việc làm ăn học tập
Giá thỏa thuận trực tiếp chủ nhà
Mọi thông tin về BĐS nhà đất trung tâm thành phố Biển Quy Nhơn
Vui lòng liên hệ trực tiếp Dũng
Trân trọng 🤝🤝","Giá:   4,1 tỷ ",Diện tích:   42 m2,"Địa chỉ tài sản: Đường Trần Thị Kỷ, Phường Ngô Mây, Thành phố Quy Nhơn, Bình Định",Mã tin10289105Hướng_Phòng ănLoại tinCần bánĐường trước nhà5mNhà bếpLoại BDSNhà trong hẻmPháp lýSổ hồng/ Sổ đỏSân thượngChiều ngang5mSố lầu4Chổ để xe hơiChiều dài8mSố phòng ngủ3Chính chủ---
Bán nhanh lô đất đẹp vuông vắn hẻm xe hơi khu vực nhơn phú,"Chính chủ bán lô đất đẹp vuông vắn
Dt sổ đỏ 300m2 Ngang 10,2m lở hậu
Hiện trạng đất trống sạch đẹp
Vị trí khu vực dân cư hiện hữu đông đúc
Hẻm rộng 4m bê tông
Cách đường chính 50m
Rất phù hợp xây biệt thự sân vườn
Đất tại khu vực 5 phường Nhơn Phú
Đất thổ cư 100% khu vực dân cư hiền hòa
Cực kỳ tiền năng phát triển mạnh
Giá rất mềm thơm cho khách thiện chí
LH Dũng xem đất chốt giá sớm
Rất vui đc phục vụ khách hàng
Trân trọng 🤝🤝","Giá:   3,2 tỷ ",Diện tích:   300 m2,"Địa chỉ tài sản: Đường Hùng Vương, Phường Nhơn Phú, Thành phố Quy Nhơn, Bình Định",Mã tin10259598Hướng_Phòng ănLoại tinCần bánĐường trước nhà4mNhà bếpLoại BDSNhà trong hẻmPháp lýSổ hồng/ Sổ đỏSân thượngChiều ngang10mSố lầu---Chổ để xe hơiChiều dài30mSố phòng ngủ---Chính chủ---
Bán căn nhà mặt tiền đường khu vực Bến xe khách Quy Nhơn,"Chính chủ chuyển nhượng lại căn nhà đẹp
DT Sổ đỏ 40m Ngang 5m
Kết cấu nhà xây dựng 3 mê nguyên
Vị trí khu vực phường ghềnh ráng
Nhà xây dựng chắc chắn tâm huyết 
Lợi ích cao thuận tiện cho việc làm ăn học tập
Công năng đầy đủ pháp lý sổ đỏ
Nhà trước mặt công viên rất thoáng mát
Lộ giới đường trước nhà 12m hướng mát
Khu vực Toàn cán bộ công chức viên
Giá thỏa thuận trực tiếp chủ
LH Dũng xem nhà chốt giá
Trân trọng cảm ơn Quý khách Anh Chị
Trân trọng 🤝👉","Giá:   4,15 tỷ ",Diện tích:   40 m2,"Địa chỉ tài sản: Đường Tôn Thất Bách, Phường Ghềnh Ráng, Thành phố Quy Nhơn, Bình Định",Mã tin10305739Hướng_Phòng ănLoại tinCần bánĐường trước nhà12mNhà bếpLoại BDSNhà mặt tiềnPháp lý---Sân thượngChiều ngang5mSố lầu3Chổ để xe hơiChiều dài8mSố phòng ngủ3Chính chủ---
chuyển nhượng lại lô đất 2 mặt tiền đường chính tttP Biến Quy Nhơn,"Chuyển nhượng lại lô đất đẹp siêu Víp đẹp lô 1 dt sổ đỏ 295m2 ngang 12m gồm 3 mặt tiền đường lớn Hiện trạng đất trống
Lô 2 dt sổ đỏ 375m2 Ngang 20m lô góc 2 mặt tiền đường lớn khu trung tâm
Rất phù hợp làm nhà hàng khách Sạn
Khu vực sầm uất kinh doanh mọi ngành nghề
Tất cả Viêw đầm Hồ Sinh thái
Lợi nhuận cao tiềm năng phát triển mạnh
Giá còn thỏa thuận trực tiếp
LH Dũng để biết thêm thông tin về BĐS nhà đất trung tâm
Nhận hỗ trợ pháp lý chuyển nhượng
Tư vấn khách hàng thiện chí
Trân trọng 🤝🤝",Giá:   55 tỷ ,Diện tích:   375 m2,"Địa chỉ tài sản: Đường Lê Lợi, Phường Hải Cảng, Thành phố Quy Nhơn, Bình Định",Mã tin10307445Hướng_Phòng ănLoại tinCần bánĐường trước nhà25mNhà bếpLoại BDSNhà mặt tiềnPháp lýSổ hồng/ Sổ đỏSân thượngChiều ngang20mSố lầu---Chổ để xe hơiChiều dài20mSố phòng ngủ---Chính chủ---
Bán căn nhà 4 mê nguyên mặt tiền đường Nguyễn Huệ phường Trần Phú,"Bán căn nhà mặt tiền đường Nguyễn Huệ
DT Sổ đỏ 20m ngang 4m nhà vuông vắn
Hiện trạng nhà 4 mê nguyên 
Thiết kế xây dựng chắc chắn tâm huyết
Công Năng 3pn 4wc Pt pk Pb rộng rãi
Khu vực sầm uất kinh doanh mọi ngành nghề
Lợi ích vừa ở vừa kinh doanh rất tốt
Giá chuyển nhượng nhanh thỏa thuận trực tiếp chủ 24/24 LH Dũng chuyên tư vấn hỗ trợ pháp lý và mọi thủ tục khác
Rất vui đc phục vụ quý khách Anh Chị
Trân trọng 🤝🤝","Giá:   6,5 tỷ ",Diện tích:   20 m2,"Địa chỉ tài sản: Đường Nguyễn Huệ, Phường Nhơn Phú, Thành phố Quy Nhơn, Bình Định",Mã tin10307556Hướng_Phòng ănLoại tinCần bánĐường trước nhà25mNhà bếpLoại BDSNhà mặt tiềnPháp lýSổ hồng/ Sổ đỏSân thượng---Chiều ngang4mSố lầu4Chổ để xe hơiChiều dài5mSố phòng ngủ3Chính chủ---
Bán căn nhà 3 mê nguyên mặt tiền đường Phạm ngũ lão,"Chính chủ cần bán căn nhà mặt tiền đường Phạm ngũ lão lối dài
DT Sổ đỏ 42m2 ngang 4m 
Hiện trạng nhà xây mới chưa ở
Nhà thiết kế 3pn 3wc Pt pk Pb rộng rãi
Khu vực dân cư đông đúc thân thiện
Lộ giới đường trước nhà rộng rãi ôtô
Lợi ích vừa ở vừa kinh doanh rất tốt
Giá thỏa thuận trực tiếp chủ nhà
LH Dũng xem nhà chốt giá bao giá tốt
Rất vui đc phục vụ quý khách Anh Chị
Trân trọng 🤝🤝
Để biết thêm về BĐS nhà đất trung tâm
Nhận hỗ trợ pháp lý chuyển nhượng","Giá:   2,65 tỷ ",Diện tích:   42 m2,"Địa chỉ tài sản: Đường Phạm Ngũ Lão, Phường Ngô Mây, Thành phố Quy Nhơn, Bình Định",Mã tin10307606Hướng_Phòng ănLoại tinCần bánĐường trước nhà6mNhà bếpLoại BDSNhà mặt tiềnPháp lýSổ hồng/ Sổ đỏSân thượngChiều ngang4mSố lầu3Chổ để xe hơiChiều dài11mSố phòng ngủ3Chính chủ---
Bán lô đất đẹp vuông vức khu 3 phường Nhơn Phú  dt 1000m,"Em cần chuyển nhượng nhanh lô đất đẹp
DT Sổ đỏ 1000m2 Ngang 30m 
Trong đó có 200m2 đất ở đô thị lâu dài
Còn lại đất vườn 2 mặt tiền
Khu vực 3 phường Nhơn Phú đường thông
Đường trước mở rộng 10m đường sau 3,5m
Hiện trạng đất trống mặt bằng đẹp
Cách đường chính 50m 
Lợi ích làm nhà vườn hoặc xây Biệt thự sân vườn hoặc mở cơ sở nhà trẻ quá đẹp
Hoặc làm nhà kho bãi chứa hàng quá ok
Giá thỏa thuận trực tiếp
Lh Dũng xem đất chốt giá
Chỉ còn 1 lô đất đẹp Duy nhất
Kính mong hợp tác với khách thiện chí","Giá:   3,2 tỷ ",Diện tích:   1.020 m2,"Địa chỉ tài sản: Đường Hùng Vương, Phường Nhơn Phú, Thành phố Quy Nhơn, Bình Định",Mã tin10308384Hướng_Phòng ănLoại tinCần bánĐường trước nhà10mNhà bếpLoại BDSNhà trong hẻmPháp lýSổ hồng/ Sổ đỏSân thượngChiều ngang35mSố lầu---Chổ để xe hơiChiều dài30mSố phòng ngủ---Chính chủ---
Bán căn nhà mặt tiền đường Trần Thị kỷ Phường Ngô mây Quy Nhơn,"Chuyển nhượng lại căn nhà mặt tiền đường Trần Thị kỷ Phường Ngô mây
DT Sổ đỏ 94m2 ngang 5m vuông vắn
Hiện trạng nhà 1 mê nguyên kiên cố
Công năng 3pn 3wc Pt pk Pb rộng rãi
Nhà mặt tiền khu vực sầm uất kinh doanh
Rất phù hợp kinh doanh buôn bán hoặc kinh doanh mọi ngành nghề khác
Giá thỏa thuận trực tiếp chủ nhà
Lợi ích cao thuận tiện cho việc làm ăn học tập
Tiện ích gần trường chợ siêu thị Coopmart Quảng trường
Khu an ninh trật tự tốt
LH Dũng xem nhà chốt giá
Rất vui đc phục vụ quý khách Anh Chị
Trân trọng 🤝🤝","Giá:   7,2 tỷ ",Diện tích:   93 m2,"Địa chỉ tài sản: Đường Trần Thị Kỷ, Phường Ngô Mây, Thành phố Quy Nhơn, Bình Định",Mã tin10327379Hướng_Phòng ănLoại tinCần bánĐường trước nhà12mNhà bếpLoại BDSNhà mặt tiềnPháp lýSổ hồng/ Sổ đỏSân thượngChiều ngang5mSố lầu1Chổ để xe hơiChiều dài18mSố phòng ngủ3Chính chủ---
Bán căn nhà nghỉ cao cấp đặc biệt khu vực phường Nguyễn Văn Cừ,"Cần chuyển nhượng lại căn hộ cao cấp đẹp
Dt sổ đỏ lâu dài 90m 
Nhà thiết kế xây dựng 14 căn hộ cao cấp
Được thiết kế khép kín như khách Sạn
Tất cả 14 căn hộ được cho thuê ổn định
Mỗi tháng thu nhập 38tr
Gia đình mới đưa vào hoạt động được gần nửa năm
Nay gia đình có công việc gấp
Cần chuyển nhượng lại căn hộ này cho Anh Chị có nhu cầu
Lượng khách rất ổn định
Giá 7 tỷ có thương lượng
LH Dũng xem nhà chốt giá tốt nhất cho Quý khách thiện chí
Trân trọng 🤝🤝",Giá:   7 tỷ ,Diện tích:   90 m2,"Địa chỉ tài sản: Đường Cần Vương, Phường Nguyễn Văn Cừ, Thành phố Quy Nhơn, Bình Định",Mã tin10345032Hướng_Phòng ănLoại tinCần bánĐường trước nhà5mNhà bếpLoại BDSNhà trong hẻmPháp lýSổ hồng/ Sổ đỏSân thượngChiều ngang18mSố lầu5Chổ để xe hơiChiều dài5mSố phòng ngủ14Chính chủ---
Bán căn nhà 2 mê nguyên kiên cố mặt tiền đường thanh niên,"Cần chuyển nhượng lại căn nhà mặt tiền đường Thanh Niên
Dt sổ đỏ 85m2 Ngang 5m hướng Tây Bắc
Hiện trạng nhà thiết kế xây dựng chắc chắn tâm huyết đẹp sạch vuông vắn
Lợi ích cao thuận tiện cho việc làm ăn kinh doanh và học tập cho con em
Công năng đầy đủ
3PN 3WC PT PK PB rộng rãi thoáng mát
Lộ giới đường trước nhà 16m
Giá LH Dũng xem nhà chốt
Nhà cách Biển chỉ 700m Siêu thị trường chợ bến xe Quy Nhơn Bệch viện Da liễu Bệnh Viện ký sinh trùng trung tâm chỉnh hình phục hồi chức năng cực kỳ tiềm năng phát triển mạnh
Trân trọng 🤝👉","Giá:   6,3 tỷ ",Diện tích:   85 m2,"Địa chỉ tài sản: Đường Thanh Niên, Phường Quang Trung, Thành phố Quy Nhơn, Bình Định",Mã tin10345126Hướng_Phòng ănLoại tinCần bánĐường trước nhà16mNhà bếpLoại BDSNhà mặt tiềnPháp lýSổ hồng/ Sổ đỏSân thượngChiều ngang5mSố lầu2Chổ để xe hơiChiều dài17mSố phòng ngủ3Chính chủ---
Bán căn nhà 1 mê mặt tiền đường Nguyễn Lạc phường Trần Phú,"Cần chuyển nhượng lại căn nhà mặt tiền đường Nguyễn Lạc
Dt sổ đỏ 182m2 Ngang 8,7m
Hiện trạng nhà đang sử dụng tốt
Khu vực sầm uất kinh doanh mọi ngành nghề
Lợi nhuận cao tiềm năng phát triển
Nhà nằm ngay trung tâm thành phố Biển Quy Nhơn chỉ cách Biển mấy chục mét
Rất phù hợp xây khách sạn nhà hàng quán ăn hoặc làm dịch vụ cho khách du lịch
Mặt tiền rộng đẹp vuông vắn
Giá thỏa thuận trực tiếp chủ nhà
Lh Dũng xem nhà chốt giá
Rất vui đc phục vụ quý khách Anh Chị
Trân trọng 🤝🤝👉
Mọi thông tin về BĐS nhà đất trung tâm lh Dũng",Giá:   26 tỷ ,Diện tích:   182 m2,"Địa chỉ tài sản: Đường Nguyễn Lạc, Phường Trần Phú, Thành phố Quy Nhơn, Bình Định",Mã tin10345175Hướng_Phòng ănLoại tinCần bánĐường trước nhà10mNhà bếpLoại BDSNhà mặt tiềnPháp lýSổ hồng/ Sổ đỏSân thượngChiều ngang9mSố lầu1Chổ để xe hơiChiều dài21mSố phòng ngủ3Chính chủ---
Bán căn nhà mê lở hẻm cạn đường Hoàng Văn Thụ Quy Nhơn,"Cần bán căn nhà mặt tiền Hẻm cạn đường Hoàng Văn Thụ phường Quang Trung
Dt sổ đỏ 60m ngang 5 mét
Hiện trạng nhà mê lở đã qua sử dụng
Khu vực dân cư đông đúc thân thiện
Nhà công năng đầy đủ hướng đông nam 
Đường trước nhà để ôtô rất thuận lợi
Lợi ích nhà ngay trung tâm đi lại làm ăn học tập cho con em
Giá thỏa thuận trực tiếp chủ
LH Dũng xem nhà chốt giá
Rất vui đc phục vụ quý khách Anh Chị
Trân trọng 🤝🤝","Giá:   1,8 tỷ ",Diện tích:   60 m2,"Địa chỉ tài sản: Đường Hoàng Văn Thụ, Phường Quang Trung, Thành phố Quy Nhơn, Bình Định",Mã tin10345839Hướng_Phòng ănLoại tinCần bánĐường trước nhà2mNhà bếpLoại BDSNhà trong hẻmPháp lýSổ hồng/ Sổ đỏSân thượngChiều ngang5mSố lầu1Chổ để xe hơiChiều dài12mSố phòng ngủ3Chính chủ---
Bán căn nhà 1 mê nguyên kiên cố hẻm cạn rộng đường thành thái,"Chính chủ gửi bán nhà 1 mê nguyên kiên cố
Dt sổ đỏ 72m2 Ngang 4,5m
Hiện trạng nhà 1 mê nguyên
Công năng đầy đủ 3pn 3wc Pt pk Pb rộng r
Khu vực dân cư hiện hữu đông đúc
Hẻm cạn rộng thông thoáng hướng đông nam
Nhà chủ xây dựng chắc chắn tâm huyết đẹp
Vì có công việc cần chuyển nhượng nhanh
Giá thỏa thuận trực tiếp chủ
Lh Dũng xem nhà chốt giá
Rất vui đc phục vụ quý khách Anh Chị
Trân trọng 🤝🤝
Mọi thông tin về BĐS nhà đất trung tâm
Dũng nhận kí gửi hỗ trợ pháp lý nhanh","Giá:   2,9 tỷ ",Diện tích:   72 m2,"Địa chỉ tài sản: Đường Thành Thái, Phường Quang Trung, Thành phố Quy Nhơn, Bình Định","Mã tin10376459Hướng_Phòng ănLoại tinCần bánĐường trước nhà3mNhà bếpLoại BDSNhà trong hẻmPháp lýSổ hồng/ Sổ đỏSân thượngChiều ngang4,5mSố lầu1Chổ để xe hơiChiều dài16mSố phòng ngủ3Chính chủ---"
Bán lô đất đẹp vuông vắn mặt tiền đường Chế Lan Viên,"Chuyển nhượng lại lô đất đẹp vuông vắn
Đất mặt tiền đường Chế Lan Viên
DT Sổ đỏ 129m2 Ngang 6,7m 
Chỉ có 1 lô mặt tiền lớn đẹp
Khu vực sầm uất kinh doanh rất tốt
Đất nằm sát khu liền kề Hưng Thịnh
Lợi ích cao thuận lợi làm ăn kinh doanh
Giá thỏa thuận trực tiếp chủ nhà
Lh Dũng để biết thêm thông tin về BĐS nhà đất trung tâm thành phố Biển Quy Nhơn
Rất vui đc phục vụ quý khách Anh Chị
Trân trọng 🤝🤝 Thiện chí 💰💰💰","Giá:   10,4 tỷ ",Diện tích:   129 m2,"Địa chỉ tài sản: Đường Chế Lan Viên, Phường Ghềnh Ráng, Thành phố Quy Nhơn, Bình Định",Mã tin10389152Hướng_Phòng ănLoại tinCần bánĐường trước nhà16mNhà bếpLoại BDSNhà mặt tiềnPháp lýSổ hồng/ Sổ đỏSân thượngChiều ngang7mSố lầu---Chổ để xe hơiChiều dài28mSố phòng ngủ---Chính chủ---
Bán căn nhà 2 mê 3 tầng mặt tiền đường khu vực sát Biển Quy Nhơn,"Bán căn nhà mặt tiền đường 8m khu vực đường An Dương Vương
Dt sổ đỏ 123m2 Ngang 7m lở hậu đẹp
Hiện trạng nhà 3 tầng vừa ở vừa kinh doanh cho sinh viên và công nhân thuê
Tháng thu nhập ổn định 15tr/t
Vị trí căn nhà nằm trong khu vực phường Nguyễn Văn cừ khu vực Toàn nhà hàng khách Sạn và các dịch vụ vui chơi giải trí
Rất phù hợp làm spa massage homtay
Giá thỏa thuận trực tiếp chủ nhà
LH Dũng để biết thêm thông tin về BĐS nhà đất trung tâm thành phố Biển Quy Nhơn
Rất vui đc phục vụ quý khách Anh Chị
Trân trọng 🤝🤝",Giá:   14 tỷ ,Diện tích:   123 m2,"Địa chỉ tài sản: Đường Trần Văn Ơn, Phường Nguyễn Văn Cừ, Thành phố Quy Nhơn, Bình Định",Mã tin10408857Hướng_Phòng ănLoại tinCần bánĐường trước nhà8mNhà bếpLoại BDSNhà mặt tiềnPháp lýSổ hồng/ Sổ đỏSân thượngChiều ngang7mSố lầu3Chổ để xe hơiChiều dài18mSố phòng ngủ7Chính chủ---
Bán căn Homtay lô góc 2 mặt tiền đường lớn khu trung tâm,"Bán Homtay lô góc 2 mặt tiền đường lớn
DT Sổ đỏ 75m2 Ngang 4,5m Góc
Hiện trạng nhà thiết kế 5 tầng đẹp sạch
Vị trí đẹp đang kinh Doanh rất ok luôn
Bao gồm 16p 10p đơn 6p Đôi
Tầng trệt vừa kinh doanh cf ăn sáng
Cực kỳ tiềm năng phát triển mạnh
Khu vực Kinh doanh chỗ để xe của khách hàng ăn uống rất thoải mái và mát mẻ 
Chỉ cần có chỗ để xe và phục vụ tốt cho khách hàng là đã thành công trong việc kd
Bán kính trường Chợ bến xe siêu thị điện máy Biển và mọi tiện ích khác 500m 
Giá thì rất hợp lý
LH Dũng xem nhà chốt giá
Trân trọng 🤝🤝","Giá:   9,2 tỷ ",Diện tích:   75 m2,"Địa chỉ tài sản: Đường Thanh Niên, Phường Quang Trung, Thành phố Quy Nhơn, Bình Định","Mã tin10408912Hướng_Phòng ănLoại tinCần bánĐường trước nhà16mNhà bếpLoại BDSNhà hàng, khách sạnPháp lýSổ hồng/ Sổ đỏSân thượngChiều ngang4,5mSố lầu5Chổ để xe hơiChiều dài17mSố phòng ngủ8Chính chủ---"
Bán căn nhà 1 mê nguyên mặt tiền đường Nguyễn Thái Học,"Bán căn nhà 1 mê mặt tiền đường Nguyễn Thái Học phường Quang Trung quy Nhơn
DT Sổ đỏ 170m2 Ngang trước 4,25m sau lở hậu 5,25m đẹp sạch hướng đông nam
Hiện trạng nhà đang kinh Doanh rất ok
Khu vực sầm uất kinh doanh mọi ngành nghề
Công năng đầy đủ sử dụng cho gia đình
Phù hợp làm ăn kinh doanh
Giá rất hợp lý cho khách hàng thiện chí
LH Dũng xem nhà và biết thêm về BĐS nhà đất trung tâm thành phố Biển Quy Nhơn
Rất vui đc phục vụ quý khách Anh Chị
Trân trọng 🤝🤝","Giá:   12,4 tỷ ",Diện tích:   170 m2,"Địa chỉ tài sản: Đường Nguyễn Thái Học, Phường Quang Trung, Thành phố Quy Nhơn, Bình Định",Mã tin10408949Hướng_Phòng ănLoại tinCần bánĐường trước nhà22mNhà bếpLoại BDSNhà mặt tiềnPháp lýSổ hồng/ Sổ đỏSân thượngChiều ngang5mSố lầu1Chổ để xe hơiChiều dài34mSố phòng ngủ3Chính chủ---
Bán căn nhà mặt tiền đường Nguyễn Thái Học vị trí Kinh doanh sầm uất,"Bán căn nhà mặt tiền đường Nguyễn Thái Học khu vực sầm uất hướng đông nam
DT Sổ đỏ 167m2 ngang trước 4,25m sau 5,25
Hiện trạng nhà đang cho thuê kinh doanh
Khu vực đẹp kinh doanh mọi ngành nghề
Nhà đầy đủ pháp lý và công năng
Rất thuận tiện làm ăn kinh doanh
Tiện ích bán kính như trường chợ bến xe siêu thị Coopmart metro BigC
Biển quảng trường chợ đêm 200m và 1km
Giá chuyển nhượng nhanh thỏa thuận trực tiếp chủ nhà LH Dũng xem nhà chốt giá
Rất mong được hợp tác cùng khách hàng thiện chí mau mắn
Trân trọng 🤝🤝","Giá:   12,4 tỷ ",Diện tích:   167 m2,"Địa chỉ tài sản: Đường Nguyễn Thái Học, Phường Quang Trung, Thành phố Quy Nhơn, Bình Định",Mã tin10424534Hướng_Phòng ănLoại tinCần bánĐường trước nhà20mNhà bếpLoại BDSNhà mặt tiềnPháp lýSổ hồng/ Sổ đỏSân thượngChiều ngang5mSố lầu1Chổ để xe hơiChiều dài34mSố phòng ngủ3Chính chủ---
Bán căn nhà cấp 4 đẹp lô góc 2 mặt tiền đường lớn khu trung tâm,"Cần bán nhanh căn nhà cấp 4 góc 2 mặt tiền đường lớn khu trung tâm thành phố Biển Quy Nhơn tiềm năng phát triển
DT Sổ đỏ 72m2 ngang 4,5m 
Hướng Đông Nam Đông Bắc mát mẻ
Lợi ích khu vực dân cư đông đúc nhộn nhịp
Rất thuận tiện kinh doanh buôn bán
Nhà nằm ngay khu trung tâm cách Biển Quảng trường bến xe siêu thị bệnh viện điện máy xanh và nhà hàng khách sạn
Giá thỏa thuận trực tiếp chủ nhà
LH Dũng để biết thêm thông tin về BĐS nhà đất trung tâm thành phố
Trân trọng 🤝🤝","Giá:   5,15 tỷ ",Diện tích:   72 m2,"Địa chỉ tài sản: Phường Ghềnh Ráng, Thành phố Quy Nhơn, Bình Định","Mã tin10429529Hướng_Phòng ănLoại tinCần bánĐường trước nhà12mNhà bếpLoại BDSNhà mặt tiềnPháp lýSổ hồng/ Sổ đỏSân thượngChiều ngang4,5mSố lầu1Chổ để xe hơiChiều dài17mSố phòng ngủ2Chính chủ---"
Bán căn nhà mặt tiền khu vực Trung Tâm Thành Phố,"Cần chuyển nhượng nhanh căn nhà mặt tiền
Dt sổ đỏ 79m2 Ngang 5m Hướng đông nam
Nhà thiết kế xây dựng 3,5 mê kiên cố
Lộ giới đường trước nhà rộng 10m 
Công năng đầy đủ 4pn 4wc= Pt pk Pb rộng
Nhà chủ xây dựng ở rất chắc chắn tâm huyết nội thất toàn bộ hàng xịn đẹp
Giá thỏa thuận trực tiếp chủ
Lợi ích cao thuận tiện cho việc làm ăn học tập của các con
Khu vực an ninh trật tự rất tốt
Hy vọng Bán cho khách hàng thiện chí
LH Dũng để biết thêm thông tin về BĐS nhà đất trung tâm thành phố
Rất vui đc phục vụ quý khách Anh Chị
Trân trọng 🤝🤝","Giá:   6,25 tỷ ",Diện tích:   79 m2,"Địa chỉ tài sản: Đường Lê Văn Hưng, Phường Quang Trung, Thành phố Quy Nhơn, Bình Định",Mã tin10445722Hướng_Phòng ănLoại tinCần bánĐường trước nhà10mNhà bếpLoại BDSNhà mặt tiềnPháp lýSổ hồng/ Sổ đỏSân thượngChiều ngang5mSố lầu4Chổ để xe hơiChiều dài16mSố phòng ngủ4Chính chủ---
Bán 2 lô đất liền kề mặt tiền đường Nguyễn Văn Linh Hùng Vương,"Bán 2 lô liền kề mặt tiền đường Nguyễn Văn Linh Ngay UBND phường Nhơn Phú
DT Sổ đỏ 10x25 giá thỏa thuận
Hiện trạng đất trống bao sạch đẹp
Khu vực dân cư đông đúc thân thiện
Rất phù hợp kinh doanh nhà hàng quán ăn cafe khu vực tập trung nhiều Sinh viên
Gần trường cao đẳng đại học Quang Trung
Cấp 1 và 2 nhơn phú
Lộ giới đường trước mặt 16m 
LH Dũng để biết thêm thông tin về BĐS nhà đất trung tâm và tư vấn hỗ trợ pháp lý
Trân trọng 🤝🤝","Giá:   5,6 tỷ ",Diện tích:   250 m2,"Địa chỉ tài sản: Đường Hùng Vương, Phường Nhơn Phú, Thành phố Quy Nhơn, Bình Định",Mã tin10456836Hướng_Phòng ănLoại tinCần bánĐường trước nhà16mNhà bếpLoại BDSNhà mặt tiềnPháp lýSổ hồng/ Sổ đỏSân thượngChiều ngang10mSố lầu---Chổ để xe hơiChiều dài25mSố phòng ngủ---Chính chủ---
Bán căn nhà mê lở mặt tiền hẻm cạn rộng đường hoàng văn thụ,"Bán căn nhà mặt tiền hẻm đường Hoàng Văn Thụ phường Quang Trung hẻm 3m hơn
DT Sổ đỏ 48m2 Ngang 4m 
Hiện trạng nhà mê lở chắc chắn
Khu vực dân cư hiện hữu đông đúc
Nhà cách mặt đường HVT 30m hướng ĐB
Công năng đầy đủ pháp lý sổ đỏ
Giá bán nhanh cho khách chốt mua nhanh
LH Dũng xem nhà chốt cọc
Rất vui đc phục vụ quý khách Anh Chị
Đầu tư quá tốt
Trân trọng 🤝🤝","Giá:   2,1 tỷ ",Diện tích:   48 m2,"Địa chỉ tài sản: Đường Hoàng Văn Thụ, Phường Quang Trung, Thành phố Quy Nhơn, Bình Định",Mã tin10502338Hướng_Phòng ănLoại tinCần bánĐường trước nhà3mNhà bếpLoại BDSNhà trong hẻmPháp lýSổ hồng/ Sổ đỏSân thượngChiều ngang4mSố lầu1Chổ để xe hơiChiều dài12mSố phòng ngủ2Chính chủ---
Cần chuyển nhượng nhanh lô đất đẹp vuông vắn mặt tiền đường 12m,"Chuyển nhượng lại cho khách hoặc đầu tư
Lô đất đẹp vuông vắn
DT Sổ đỏ 80m2 ngang 5m vuông vức
Hiện trạng đất trống sạch đẹp
Vị trí lô đất nằm trên đường 12m vỉa hè 3
Khu vực dân cư đông đúc sầm uất
Rất phù hợp vừa ở vừa kinh doanh rất tốt
Lợi ích cao sát trường cao đẳng đại học Quang Trung và trường aseecun nhà hàng quán ăn cafe điện máy xanh vv
Giá thỏa thuận trực tiếp
LH Dũng xem đất chốt giá
Trân trọng 🤝🤝
Giá rẻ nhất khu vực","Giá:   1,85 tỷ ",Diện tích:   80 m2,"Địa chỉ tài sản: Đường Hùng Vương, Phường Nhơn Phú, Thành phố Quy Nhơn, Bình Định",Mã tin10502388Hướng_Phòng ănLoại tinCần bánĐường trước nhà12mNhà bếpLoại BDSNhà mặt tiềnPháp lýSổ hồng/ Sổ đỏSân thượngChiều ngang5mSố lầu---Chổ để xe hơiChiều dài16mSố phòng ngủ---Chính chủ---
